ID,Username,First Name,Last Name,City
9717,mdoe,Mary,Doe,London
9597,michaelwilli,Michael,Williams,Berlin
9395,ja,James,Wilson,Tokyo
8665,mwils,Michael,Wilson,Hamburg
8620,msmith,Michael,Smith,Hamburg
8233,mardo,Mary,Doherty,Berlin
8107,robebrow,Robert,Brown,Hamburg
7889,erm,Erica,Miller,Tokyo
7821,anw,Anna,Williams,Tokyo
6939,miller,Michael,Miller,Paris
6864,rob,Robert,Garcia,Tokyo
6753,es,Emma,Smith,Dresden
6749,davi,David,Smith,London
6661,rober,Robert,Davis,Paris
6614,marybrow,Mary,Brown,Hamburg
6582,marjohnson,Mary,Johnson,Hamburg
6419,michgarcia,Michael,Garcia,Dresden
6410,jadavi,James,Davis,Sydney
5892,emma,Emma,Brown,Dresden
5307,marjones,Mary,Jones,Boston
5176,roj,Robert,Johnson,New York
5155,robd,Robert,Doe,Sydney
4975,ddavi,David,Davis,Paris
4969,bert,Robert,Wilson,Rome
4825,ejo,Emma,Johnson,Hamburg
4307,maw,Max,Wilson,New York
4122,maga,Mary,Garcia,Berlin
3982,sb,Sophia,Brown,Sydney
3749,jmiller,James,Miller,Hamburg
3181,daviwi,David,Wilson,Boston
2826,davidd,David,Davidoff,Tokyo
2770,jajones,James,Jones,Berlin
2629,johnmille,John,Miller,Sydney
2006,romiller,Robert,Miller,Boston
1944,od,Olivia,Davis,London
1943,anbr,Anna,Brown,Rome
1911,osm,Olivia,Smith,Dresden
1810,em,Emma,Miller,Rome
1467,michaebrow,Michael,Brown,London
1367,mmmm,Michael,Muller,Tokyo
1227,sopwi,Sophia,Williams,Tokyo
1152,dajone,David,Jones,Berlin
893,maryw,Mary,Wilson,Dresden
843,jjjj,James,Johnson,Berlin
527,smi,Olha,Smith,Boston
515,jjon,James,Jones,Boston
479,dawilson,Dan,Wilson,London
431,jamesdo,James,Doe,Sydney
207,da,David,Doe,Tokyo
67,jone,Anna,Jones,Dresden