,employee_id,device_id,date,action,duration
0,1044,20,2026-05-08,DELETE,14
1,1147,26,2026-05-01,LOGIN,278
2,1049,27,2026-05-31,DELETE,59
3,1091,14,2026-05-01,DELETE,415
4,1081,36,2026-05-23,EXPORT,316
5,1134,4,2026-05-28,LOGIN,60
6,1082,26,2026-05-05,EXPORT,53
7,1043,40,2026-05-18,UPLOAD,414
8,1044,16,2026-05-04,EXPORT,373
9,1066,39,2026-05-16,EXPORT,494
10,1045,20,2026-05-20,UPLOAD,120
11,1019,24,2026-05-22,EXPORT,262
12,1004,10,2026-05-24,DELETE,334
13,1097,2,2026-05-29,DELETE,448
14,1098,9,2026-05-19,DOWNLOAD,88
15,1096,18,2026-05-28,LOGIN,298
16,1137,30,2026-05-28,DELETE,135
17,1101,3,2026-05-30,LOGIN,462
18,1048,29,2026-05-07,EXPORT,480
19,1018,7,2026-05-15,DOWNLOAD,471
20,1040,25,2026-05-18,DELETE,383
21,1065,24,2026-05-09,EXPORT,469
22,1114,6,2026-05-28,DOWNLOAD,112
23,1053,15,2026-05-07,EXPORT,57
24,1062,15,2026-05-31,LOGIN,432
25,1126,40,2026-05-01,EXPORT,387
26,1114,27,2026-05-13,EXPORT,283
27,1061,21,2026-05-04,EXPORT,32
28,1140,32,2026-05-02,DOWNLOAD,351
29,1049,32,2026-05-10,EXPORT,164
30,1150,12,2026-05-05,DOWNLOAD,234
31,1090,9,2026-05-25,DOWNLOAD,208
32,1068,20,2026-05-03,UPLOAD,24
33,1071,15,2026-05-05,EXPORT,394
34,1095,13,2026-05-11,DELETE,263
35,1135,8,2026-05-26,DOWNLOAD,7
36,1126,21,2026-05-18,EXPORT,283
37,1022,25,2026-05-31,DELETE,333
38,1103,35,2026-05-20,LOGIN,37
39,1040,40,2026-05-02,DELETE,424
40,1147,30,2026-05-24,DOWNLOAD,324
41,1053,31,2026-05-23,DOWNLOAD,400
42,1030,6,2026-05-16,DOWNLOAD,194
43,1123,11,2026-05-23,UPLOAD,286
44,1120,8,2026-05-23,DELETE,297
45,1150,8,2026-05-25,EXPORT,374
46,1061,39,2026-05-18,EXPORT,180
47,1073,12,2026-05-06,DOWNLOAD,78
48,1046,3,2026-05-15,DELETE,48
49,1058,16,2026-05-12,LOGIN,143
50,1029,27,2026-05-29,DELETE,471
51,1053,16,2026-05-30,EXPORT,457
52,1146,5,2026-05-04,DOWNLOAD,284
53,1032,40,2026-05-29,DELETE,231
54,1009,12,2026-05-12,UPLOAD,96
55,1037,3,2026-05-26,DOWNLOAD,354
56,1008,35,2026-05-11,UPLOAD,23
57,1068,3,2026-05-22,DOWNLOAD,202
58,1052,31,2026-05-09,EXPORT,316
59,1046,24,2026-05-27,LOGIN,309
60,1017,29,2026-05-01,DELETE,123
61,1021,33,2026-05-18,DELETE,113
62,1048,38,2026-05-06,DOWNLOAD,491
63,1009,16,2026-05-31,LOGIN,215
64,1005,33,2026-05-12,LOGIN,61
65,1006,10,2026-05-28,EXPORT,99
66,1046,30,2026-05-23,UPLOAD,126
67,1097,34,2026-05-29,DELETE,496
68,1112,35,2026-05-03,DOWNLOAD,271
69,1101,7,2026-05-01,LOGIN,451
70,1131,6,2026-05-07,DELETE,258
71,1123,15,2026-05-28,DELETE,341
72,1103,32,2026-05-18,DELETE,149
73,1135,2,2026-05-12,LOGIN,374
74,1016,32,2026-05-29,EXPORT,275
75,1092,28,2026-05-22,DELETE,458
76,1122,21,2026-05-20,LOGIN,450
77,1143,17,2026-05-16,LOGIN,164
78,1007,19,2026-05-26,DOWNLOAD,172
79,1099,14,2026-05-20,EXPORT,143
80,1112,34,2026-05-25,EXPORT,382
81,1136,20,2026-05-07,EXPORT,273
82,1098,21,2026-05-17,LOGIN,341
83,1129,3,2026-05-04,LOGIN,32
84,1147,14,2026-05-10,EXPORT,245
85,1019,21,2026-05-06,LOGIN,470
86,1087,27,2026-05-02,EXPORT,160
87,1004,7,2026-05-04,DOWNLOAD,436
88,1130,29,2026-05-18,UPLOAD,443
89,1023,9,2026-05-01,UPLOAD,20
90,1107,40,2026-05-01,UPLOAD,296
91,1082,15,2026-05-16,UPLOAD,245
92,1081,28,2026-05-25,DOWNLOAD,172
93,1058,38,2026-05-13,LOGIN,408
94,1012,15,2026-05-14,DOWNLOAD,235
95,1121,15,2026-05-11,DELETE,95
96,1004,30,2026-05-25,LOGIN,236
97,1028,32,2026-05-20,EXPORT,357
98,1033,40,2026-05-30,DELETE,6
99,1074,12,2026-05-29,DELETE,209
100,1005,20,2026-05-08,DOWNLOAD,262
101,1010,27,2026-05-28,DELETE,255
102,1017,2,2026-05-10,DOWNLOAD,388
103,1060,22,2026-05-16,DELETE,361
104,1033,26,2026-05-27,DOWNLOAD,329
105,1137,40,2026-05-07,LOGIN,74
106,1133,8,2026-05-05,DELETE,54
107,1111,36,2026-05-31,DOWNLOAD,356
108,1132,26,2026-05-10,UPLOAD,180
109,1031,37,2026-05-18,UPLOAD,156
110,1004,17,2026-05-25,DELETE,213
111,1123,7,2026-05-07,DOWNLOAD,397
112,1018,1,2026-05-04,LOGIN,249
113,1082,27,2026-05-31,DELETE,126
114,1034,26,2026-05-10,LOGIN,172
115,1048,32,2026-05-30,DOWNLOAD,428
116,1063,14,2026-05-18,UPLOAD,134
117,1014,19,2026-05-18,DOWNLOAD,77
118,1090,9,2026-05-03,LOGIN,394
119,1087,1,2026-05-13,UPLOAD,151
120,1033,21,2026-05-31,DELETE,101
121,1081,20,2026-05-31,UPLOAD,381
122,1128,33,2026-05-14,DELETE,23
123,1112,33,2026-05-22,DELETE,165
124,1099,18,2026-05-14,UPLOAD,377
125,1115,17,2026-05-01,UPLOAD,241
126,1143,13,2026-05-05,LOGIN,321
127,1050,9,2026-05-10,UPLOAD,34
128,1116,1,2026-05-14,EXPORT,491
129,1071,23,2026-05-19,UPLOAD,121
130,1063,40,2026-05-23,LOGIN,194
131,1070,34,2026-05-07,EXPORT,145
132,1137,36,2026-05-26,EXPORT,406
133,1141,14,2026-05-15,DOWNLOAD,390
134,1104,21,2026-05-28,EXPORT,7
135,1146,21,2026-05-21,DELETE,394
136,1151,28,2026-05-31,LOGIN,416
137,1125,32,2026-05-09,DOWNLOAD,337
138,1114,30,2026-05-27,UPLOAD,344
139,1036,40,2026-05-29,EXPORT,164
140,1046,12,2026-05-10,DOWNLOAD,387
141,1122,29,2026-05-08,DELETE,320
142,1082,1,2026-05-09,DOWNLOAD,419
143,1044,26,2026-05-11,DELETE,65
144,1093,16,2026-05-22,DOWNLOAD,269
145,1068,18,2026-05-08,DOWNLOAD,71
146,1076,33,2026-05-26,UPLOAD,442
147,1077,23,2026-05-18,UPLOAD,99
148,1142,5,2026-05-05,UPLOAD,211
149,1078,21,2026-05-08,DOWNLOAD,72
150,1086,1,2026-05-02,EXPORT,245
151,1009,31,2026-05-31,DOWNLOAD,21
152,1114,18,2026-05-18,UPLOAD,241
153,1081,21,2026-05-19,DOWNLOAD,319
154,1088,7,2026-05-18,EXPORT,419
155,1069,1,2026-05-20,DELETE,225
156,1106,23,2026-05-16,LOGIN,207
157,1065,27,2026-05-04,UPLOAD,193
158,1027,2,2026-05-17,DOWNLOAD,356
159,1136,34,2026-05-06,EXPORT,44
160,1006,16,2026-05-12,UPLOAD,135
161,1053,40,2026-05-07,UPLOAD,182
162,1133,10,2026-05-23,DELETE,133
163,1117,20,2026-05-14,LOGIN,12
164,1146,37,2026-05-12,DOWNLOAD,322
165,1097,25,2026-05-21,DOWNLOAD,196
166,1128,4,2026-05-20,UPLOAD,429
167,1054,32,2026-05-02,EXPORT,277
168,1032,28,2026-05-21,UPLOAD,460
169,1051,40,2026-05-31,DELETE,303
170,1131,13,2026-05-04,LOGIN,229
171,1065,5,2026-05-08,DELETE,222
172,1085,17,2026-05-31,EXPORT,6
173,1013,7,2026-05-10,DOWNLOAD,179
174,1008,10,2026-05-17,EXPORT,320
175,1008,27,2026-05-07,DELETE,181
176,1058,35,2026-05-21,DOWNLOAD,97
177,1124,23,2026-05-10,LOGIN,275
178,1091,16,2026-05-21,UPLOAD,385
179,1103,27,2026-05-17,LOGIN,98
180,1087,15,2026-05-16,UPLOAD,438
181,1136,6,2026-05-31,LOGIN,240
182,1061,39,2026-05-25,DOWNLOAD,434
183,1076,24,2026-05-13,DOWNLOAD,464
184,1114,23,2026-05-31,DOWNLOAD,6
185,1102,5,2026-05-23,UPLOAD,128
186,1107,7,2026-05-18,DOWNLOAD,217
187,1094,22,2026-05-27,EXPORT,161
188,1074,29,2026-05-05,UPLOAD,382
189,1147,31,2026-05-08,DOWNLOAD,417
190,1018,35,2026-05-30,DOWNLOAD,84
191,1113,34,2026-05-31,LOGIN,375
192,1148,19,2026-05-27,EXPORT,99
193,1002,34,2026-05-07,EXPORT,193
194,1030,30,2026-05-30,UPLOAD,357
195,1047,19,2026-05-18,EXPORT,126
196,1043,18,2026-05-23,DOWNLOAD,326
197,1011,1,2026-05-06,UPLOAD,48
198,1019,16,2026-05-28,DELETE,264
199,1131,40,2026-05-13,LOGIN,299
200,1004,28,2026-05-24,LOGIN,192
201,1111,11,2026-05-09,DELETE,309
202,1051,32,2026-05-30,UPLOAD,265
203,1104,26,2026-05-23,DELETE,454
204,1083,10,2026-05-30,EXPORT,49
205,1037,23,2026-05-08,DOWNLOAD,64
206,1059,39,2026-05-12,DELETE,268
207,1108,33,2026-05-10,DELETE,310
208,1105,14,2026-05-07,EXPORT,40
209,1018,9,2026-05-07,UPLOAD,330
210,1025,14,2026-05-17,DOWNLOAD,429
211,1138,36,2026-05-05,DOWNLOAD,14
212,1025,2,2026-05-10,LOGIN,296
213,1084,11,2026-05-21,DOWNLOAD,328
214,1051,14,2026-05-31,DOWNLOAD,107
215,1010,36,2026-05-20,DOWNLOAD,402
216,1125,35,2026-05-15,DOWNLOAD,336
217,1092,25,2026-05-13,EXPORT,115
218,1126,33,2026-05-14,LOGIN,277
219,1113,9,2026-05-17,DELETE,25
220,1114,13,2026-05-07,LOGIN,209
221,1046,10,2026-05-24,UPLOAD,101
222,1070,33,2026-05-21,DELETE,314
223,1011,9,2026-05-04,LOGIN,401
224,1083,40,2026-05-28,LOGIN,388
225,1144,13,2026-05-09,LOGIN,436
226,1130,24,2026-05-19,LOGIN,305
227,1058,40,2026-05-14,LOGIN,141
228,1085,17,2026-05-03,LOGIN,59
229,1079,33,2026-05-29,EXPORT,54
230,1077,23,2026-05-04,EXPORT,24
231,1071,27,2026-05-23,DELETE,368
232,1116,26,2026-05-02,DOWNLOAD,428
233,1067,24,2026-05-08,LOGIN,261
234,1015,11,2026-05-02,DOWNLOAD,209
235,1084,29,2026-05-04,EXPORT,346
236,1003,5,2026-05-02,UPLOAD,465
237,1058,24,2026-05-30,LOGIN,196
238,1027,9,2026-05-25,DELETE,295
239,1143,10,2026-05-29,DOWNLOAD,128
240,1003,11,2026-05-04,DELETE,130
241,1065,31,2026-05-21,LOGIN,197
242,1148,3,2026-05-09,DOWNLOAD,242
243,1011,25,2026-05-02,DOWNLOAD,252
244,1025,40,2026-05-20,LOGIN,313
245,1004,27,2026-05-22,UPLOAD,229
246,1083,1,2026-05-17,LOGIN,193
247,1054,16,2026-05-01,DELETE,265
248,1060,35,2026-05-23,EXPORT,226
249,1138,15,2026-05-06,EXPORT,457
250,1080,34,2026-05-29,EXPORT,111
251,1059,11,2026-05-16,DOWNLOAD,93
252,1046,9,2026-05-04,DOWNLOAD,448
253,1141,24,2026-05-05,LOGIN,94
254,1093,37,2026-05-05,DOWNLOAD,407
255,1132,35,2026-05-09,DELETE,464
256,1136,22,2026-05-05,LOGIN,61
257,1105,40,2026-05-02,DELETE,12
258,1046,38,2026-05-07,EXPORT,462
259,1136,7,2026-05-31,DELETE,406
260,1026,30,2026-05-15,EXPORT,365
261,1151,29,2026-05-26,DOWNLOAD,399
262,1112,39,2026-05-25,LOGIN,450
263,1090,9,2026-05-23,UPLOAD,162
264,1039,1,2026-05-08,DELETE,131
265,1137,3,2026-05-29,LOGIN,9
266,1027,5,2026-05-31,UPLOAD,476
267,1148,11,2026-05-26,LOGIN,241
268,1016,4,2026-05-03,UPLOAD,337
269,1067,33,2026-05-11,LOGIN,316
270,1022,33,2026-05-29,EXPORT,40
271,1073,20,2026-05-25,UPLOAD,117
272,1120,37,2026-05-23,LOGIN,159
273,1136,20,2026-05-10,UPLOAD,36
274,1135,34,2026-05-04,EXPORT,402
275,1076,21,2026-05-12,UPLOAD,429
276,1151,7,2026-05-26,UPLOAD,122
277,1140,16,2026-05-13,LOGIN,326
278,1014,32,2026-05-07,DELETE,8
279,1147,36,2026-05-19,EXPORT,271
280,1019,11,2026-05-27,LOGIN,366
281,1077,29,2026-05-16,DOWNLOAD,489
282,1108,34,2026-05-10,UPLOAD,308
283,1074,10,2026-05-30,DOWNLOAD,234
284,1111,3,2026-05-07,LOGIN,425
285,1125,22,2026-05-03,DELETE,401
286,1093,32,2026-05-02,EXPORT,205
287,1143,20,2026-05-01,LOGIN,302
288,1063,2,2026-05-27,DELETE,415
289,1023,8,2026-05-22,LOGIN,326
290,1010,25,2026-05-16,DELETE,307
291,1142,11,2026-05-13,DOWNLOAD,479
292,1096,24,2026-05-30,DELETE,336
293,1034,26,2026-05-03,EXPORT,16
294,1095,35,2026-05-26,DOWNLOAD,455
295,1039,40,2026-05-28,UPLOAD,30
296,1080,5,2026-05-27,DOWNLOAD,211
297,1150,15,2026-05-14,DOWNLOAD,415
298,1100,14,2026-05-18,UPLOAD,113
299,1023,37,2026-05-11,DOWNLOAD,167
300,1025,18,2026-05-19,DOWNLOAD,17
301,1134,12,2026-05-24,UPLOAD,131
302,1090,3,2026-05-03,UPLOAD,250
303,1006,40,2026-05-20,EXPORT,316
304,1019,33,2026-05-02,DOWNLOAD,260
305,1019,4,2026-05-31,DOWNLOAD,457
306,1110,40,2026-05-24,DOWNLOAD,175
307,1111,26,2026-05-06,EXPORT,378
308,1095,21,2026-05-25,DOWNLOAD,213
309,1087,16,2026-05-30,UPLOAD,254
310,1140,23,2026-05-31,UPLOAD,343
311,1013,24,2026-05-24,UPLOAD,344
312,1086,9,2026-05-29,UPLOAD,63
313,1076,19,2026-05-04,DELETE,475
314,1077,27,2026-05-29,UPLOAD,272
315,1023,40,2026-05-13,EXPORT,484
316,1070,31,2026-05-08,DELETE,161
317,1125,1,2026-05-15,DOWNLOAD,9
318,1058,13,2026-05-01,UPLOAD,437
319,1138,4,2026-05-27,DOWNLOAD,452
320,1068,25,2026-05-25,UPLOAD,375
321,1070,10,2026-05-16,UPLOAD,47
322,1082,23,2026-05-21,DELETE,70
323,1008,30,2026-05-20,UPLOAD,138
324,1114,14,2026-05-05,UPLOAD,217
325,1028,32,2026-05-13,LOGIN,103
326,1067,30,2026-05-17,EXPORT,275
327,1114,5,2026-05-02,EXPORT,150
328,1080,15,2026-05-13,DOWNLOAD,53
329,1145,17,2026-05-02,DOWNLOAD,179
330,1134,33,2026-05-31,DELETE,6
331,1014,12,2026-05-11,DOWNLOAD,393
332,1114,25,2026-05-29,LOGIN,297
333,1107,19,2026-05-15,DOWNLOAD,493
334,1076,23,2026-05-09,UPLOAD,10
335,1083,39,2026-05-22,DOWNLOAD,247
336,1085,5,2026-05-19,DOWNLOAD,46
337,1029,40,2026-05-04,UPLOAD,311
338,1049,21,2026-05-29,LOGIN,471
339,1002,36,2026-05-17,EXPORT,20
340,1089,14,2026-05-15,LOGIN,208
341,1070,6,2026-05-07,LOGIN,220
342,1046,19,2026-05-23,DELETE,77
343,1063,4,2026-05-13,DELETE,71
344,1119,24,2026-05-08,UPLOAD,85
345,1085,26,2026-05-01,DELETE,34
346,1149,19,2026-05-09,EXPORT,31
347,1027,32,2026-05-18,UPLOAD,92
348,1023,35,2026-05-29,DELETE,430
349,1100,40,2026-05-17,DOWNLOAD,68
350,1039,2,2026-05-17,DELETE,438
351,1058,33,2026-05-08,EXPORT,299
352,1045,10,2026-05-03,DELETE,395
353,1142,33,2026-05-29,UPLOAD,333
354,1150,23,2026-05-22,DOWNLOAD,148
355,1017,34,2026-05-22,UPLOAD,60
356,1038,36,2026-05-11,DOWNLOAD,271
357,1090,30,2026-05-02,DOWNLOAD,397
358,1031,39,2026-05-02,EXPORT,261
359,1098,5,2026-05-16,LOGIN,304
360,1058,21,2026-05-17,EXPORT,39
361,1091,16,2026-05-09,LOGIN,88
362,1017,7,2026-05-01,LOGIN,183
363,1120,9,2026-05-29,EXPORT,268
364,1023,24,2026-05-29,DELETE,75
365,1148,26,2026-05-22,EXPORT,41
366,1096,32,2026-05-12,UPLOAD,105
367,1004,27,2026-05-25,UPLOAD,472
368,1073,19,2026-05-06,UPLOAD,137
369,1075,8,2026-05-11,UPLOAD,208
370,1049,37,2026-05-06,LOGIN,281
371,1109,6,2026-05-20,LOGIN,472
372,1026,19,2026-05-05,EXPORT,9
373,1032,23,2026-05-13,DOWNLOAD,27
374,1028,2,2026-05-01,DOWNLOAD,189
375,1051,3,2026-05-16,LOGIN,331
376,1037,2,2026-05-19,DELETE,69
377,1057,13,2026-05-11,LOGIN,413
378,1080,32,2026-05-22,DELETE,151
379,1072,25,2026-05-02,DOWNLOAD,262
380,1003,13,2026-05-01,LOGIN,400
381,1140,30,2026-05-13,EXPORT,430
382,1111,19,2026-05-17,UPLOAD,29
383,1091,24,2026-05-14,DOWNLOAD,384
384,1051,33,2026-05-17,LOGIN,484
385,1139,13,2026-05-26,LOGIN,436
386,1134,31,2026-05-10,UPLOAD,495
387,1140,38,2026-05-28,DOWNLOAD,342
388,1025,8,2026-05-17,EXPORT,130
389,1026,30,2026-05-13,EXPORT,163
390,1080,19,2026-05-06,EXPORT,446
391,1036,32,2026-05-30,DOWNLOAD,321
392,1021,30,2026-05-26,EXPORT,48
393,1049,38,2026-05-04,DELETE,269
394,1084,17,2026-05-04,LOGIN,153
395,1118,34,2026-05-14,DELETE,186
396,1060,16,2026-05-04,DOWNLOAD,363
397,1106,37,2026-05-24,EXPORT,203
398,1123,6,2026-05-23,EXPORT,145
399,1019,2,2026-05-05,EXPORT,216
400,1139,5,2026-05-14,UPLOAD,145
401,1078,19,2026-05-15,UPLOAD,312
402,1100,1,2026-05-23,EXPORT,288
403,1131,38,2026-05-08,LOGIN,361
404,1128,25,2026-05-26,UPLOAD,93
405,1107,16,2026-05-24,DOWNLOAD,178
406,1140,30,2026-05-11,EXPORT,180
407,1062,30,2026-05-07,LOGIN,369
408,1045,10,2026-05-23,UPLOAD,478
409,1057,40,2026-05-13,DOWNLOAD,240
410,1130,24,2026-05-14,UPLOAD,229
411,1101,21,2026-05-09,DOWNLOAD,364
412,1019,39,2026-05-27,EXPORT,428
413,1061,15,2026-05-31,LOGIN,58
414,1005,5,2026-05-15,DELETE,159
415,1019,36,2026-05-21,UPLOAD,339
416,1031,22,2026-05-08,LOGIN,391
417,1147,8,2026-05-02,DELETE,97
418,1106,31,2026-05-12,EXPORT,99
419,1081,1,2026-05-16,DOWNLOAD,319
420,1140,20,2026-05-31,EXPORT,492
421,1090,28,2026-05-29,LOGIN,379
422,1117,31,2026-05-08,LOGIN,380
423,1125,24,2026-05-01,UPLOAD,22
424,1072,7,2026-05-25,DELETE,156
425,1104,2,2026-05-17,DELETE,321
426,1025,9,2026-05-30,UPLOAD,491
427,1141,19,2026-05-24,EXPORT,129
428,1042,25,2026-05-31,DELETE,378
429,1143,23,2026-05-19,EXPORT,445
430,1023,10,2026-05-30,DOWNLOAD,304
431,1028,23,2026-05-20,LOGIN,179
432,1112,33,2026-05-31,DOWNLOAD,460
433,1013,19,2026-05-29,UPLOAD,225
434,1096,34,2026-05-27,DELETE,372
435,1075,37,2026-05-13,DOWNLOAD,425
436,1035,3,2026-05-26,LOGIN,41
437,1047,7,2026-05-23,DELETE,333
438,1050,1,2026-05-15,EXPORT,433
439,1087,36,2026-05-26,DELETE,162
440,1040,1,2026-05-13,LOGIN,147
441,1077,30,2026-05-03,DELETE,236
442,1042,32,2026-05-16,DOWNLOAD,464
443,1143,19,2026-05-09,UPLOAD,376
444,1060,10,2026-05-19,DOWNLOAD,385
445,1058,33,2026-05-08,DELETE,493
446,1033,4,2026-05-08,EXPORT,415
447,1002,20,2026-05-14,DELETE,307
448,1059,15,2026-05-19,LOGIN,51
449,1112,30,2026-05-13,DOWNLOAD,419
450,1025,7,2026-05-03,DOWNLOAD,209
451,1133,38,2026-05-26,DELETE,275
452,1062,18,2026-05-05,UPLOAD,186
453,1104,30,2026-05-08,DELETE,201
454,1078,8,2026-05-06,UPLOAD,302
455,1105,21,2026-05-05,DELETE,123
456,1091,7,2026-05-21,DOWNLOAD,66
457,1124,5,2026-05-27,UPLOAD,285
458,1098,32,2026-05-12,LOGIN,16
459,1138,16,2026-05-06,UPLOAD,269
460,1115,40,2026-05-08,EXPORT,129
461,1150,26,2026-05-22,LOGIN,350
462,1086,27,2026-05-23,DELETE,297
463,1028,39,2026-05-25,EXPORT,141
464,1048,28,2026-05-07,LOGIN,201
465,1084,33,2026-05-14,DELETE,187
466,1063,2,2026-05-09,UPLOAD,306
467,1002,15,2026-05-26,DELETE,459
468,1023,39,2026-05-29,DOWNLOAD,429
469,1051,7,2026-05-17,LOGIN,99
470,1112,20,2026-05-19,UPLOAD,240
471,1080,13,2026-05-06,DELETE,105
472,1116,32,2026-05-31,UPLOAD,11
473,1151,29,2026-05-19,UPLOAD,393
474,1143,4,2026-05-27,LOGIN,440
475,1015,19,2026-05-30,UPLOAD,129
476,1043,10,2026-05-18,LOGIN,213
477,1133,36,2026-05-21,UPLOAD,207
478,1103,12,2026-05-01,UPLOAD,169
479,1125,22,2026-05-05,DELETE,320
480,1038,27,2026-05-13,EXPORT,296
481,1063,35,2026-05-11,LOGIN,479
482,1051,40,2026-05-24,DOWNLOAD,5
483,1078,17,2026-05-09,LOGIN,133
484,1083,6,2026-05-10,UPLOAD,210
485,1097,14,2026-05-29,EXPORT,448
486,1140,33,2026-05-22,LOGIN,480
487,1093,28,2026-05-20,UPLOAD,301
488,1140,38,2026-05-19,DOWNLOAD,453
489,1029,7,2026-05-24,DELETE,396
490,1105,11,2026-05-28,DELETE,497
491,1061,33,2026-05-31,LOGIN,45
492,1041,3,2026-05-02,LOGIN,435
493,1148,22,2026-05-08,DOWNLOAD,383
494,1046,13,2026-05-23,DELETE,367
495,1039,29,2026-05-18,UPLOAD,350
496,1040,6,2026-05-18,LOGIN,424
497,1002,39,2026-05-02,EXPORT,97
498,1051,28,2026-05-15,DELETE,108
499,1120,15,2026-05-17,UPLOAD,369
500,1008,24,2026-05-23,DELETE,245
501,1031,26,2026-05-24,DOWNLOAD,264
502,1039,1,2026-05-23,EXPORT,174
503,1083,26,2026-05-15,UPLOAD,262
504,1144,31,2026-05-20,UPLOAD,254
505,1023,23,2026-05-27,LOGIN,482
506,1139,32,2026-05-15,DOWNLOAD,307
507,1121,1,2026-05-28,DOWNLOAD,408
508,1069,18,2026-05-25,UPLOAD,34
509,1012,17,2026-05-13,DELETE,86
510,1036,28,2026-05-18,UPLOAD,290
511,1057,1,2026-05-21,UPLOAD,370
512,1092,36,2026-05-15,UPLOAD,359
513,1090,5,2026-05-18,UPLOAD,261
514,1004,5,2026-05-19,UPLOAD,318
515,1144,2,2026-05-18,UPLOAD,327
516,1022,11,2026-05-24,DELETE,27
517,1107,35,2026-05-15,EXPORT,433
518,1070,30,2026-05-10,EXPORT,236
519,1139,32,2026-05-30,LOGIN,410
520,1085,8,2026-05-29,EXPORT,309
521,1039,2,2026-05-22,DELETE,379
522,1150,36,2026-05-21,UPLOAD,257
523,1030,39,2026-05-21,DOWNLOAD,436
524,1104,25,2026-05-16,DELETE,67
525,1053,19,2026-05-09,DOWNLOAD,308
526,1134,7,2026-05-02,LOGIN,48
527,1054,40,2026-05-13,DELETE,55
528,1132,14,2026-05-01,UPLOAD,194
529,1079,4,2026-05-22,UPLOAD,244
530,1036,33,2026-05-24,DELETE,211
531,1063,37,2026-05-08,DELETE,385
532,1131,30,2026-05-06,UPLOAD,45
533,1057,20,2026-05-19,DOWNLOAD,468
534,1080,14,2026-05-19,DELETE,159
535,1016,27,2026-05-02,UPLOAD,484
536,1120,13,2026-05-29,EXPORT,102
537,1134,7,2026-05-18,DELETE,61
538,1149,18,2026-05-18,LOGIN,174
539,1009,38,2026-05-23,LOGIN,272
540,1028,39,2026-05-15,DELETE,470
541,1045,9,2026-05-26,UPLOAD,342
542,1058,23,2026-05-25,DOWNLOAD,64
543,1029,31,2026-05-26,DELETE,68
544,1095,2,2026-05-30,LOGIN,264
545,1121,40,2026-05-16,DOWNLOAD,486
546,1057,38,2026-05-27,EXPORT,427
547,1033,39,2026-05-13,DOWNLOAD,407
548,1108,5,2026-05-23,EXPORT,367
549,1132,23,2026-05-28,LOGIN,194
550,1016,32,2026-05-24,EXPORT,433
551,1131,39,2026-05-28,DOWNLOAD,65
552,1089,16,2026-05-28,LOGIN,248
553,1081,11,2026-05-05,DOWNLOAD,419
554,1150,14,2026-05-18,DELETE,181
555,1082,3,2026-05-30,DOWNLOAD,163
556,1096,8,2026-05-24,DELETE,46
557,1146,15,2026-05-05,DELETE,436
558,1057,9,2026-05-16,EXPORT,24
559,1028,16,2026-05-29,DELETE,116
560,1136,26,2026-05-30,EXPORT,216
561,1141,32,2026-05-25,DELETE,100
562,1121,18,2026-05-06,LOGIN,24
563,1047,8,2026-05-29,EXPORT,20
564,1010,39,2026-05-07,DOWNLOAD,61
565,1041,32,2026-05-01,EXPORT,279
566,1074,10,2026-05-08,LOGIN,227
567,1015,12,2026-05-07,DELETE,17
568,1074,12,2026-05-23,LOGIN,251
569,1052,10,2026-05-07,UPLOAD,24
570,1059,34,2026-05-31,LOGIN,367
571,1118,30,2026-05-07,LOGIN,336
572,1039,31,2026-05-31,LOGIN,437
573,1126,38,2026-05-27,DOWNLOAD,243
574,1042,25,2026-05-01,DOWNLOAD,414
575,1051,24,2026-05-12,LOGIN,39
576,1050,33,2026-05-25,UPLOAD,173
577,1092,9,2026-05-23,UPLOAD,398
578,1105,25,2026-05-23,EXPORT,336
579,1066,20,2026-05-11,LOGIN,284
580,1058,17,2026-05-29,EXPORT,205
581,1127,6,2026-05-16,DELETE,329
582,1004,36,2026-05-28,UPLOAD,163
583,1131,20,2026-05-01,DELETE,442
584,1032,26,2026-05-06,DELETE,318
585,1062,40,2026-05-26,LOGIN,102
586,1144,12,2026-05-24,UPLOAD,320
587,1018,7,2026-05-30,EXPORT,369
588,1134,40,2026-05-05,DELETE,15
589,1106,30,2026-05-12,LOGIN,77
590,1065,22,2026-05-28,DOWNLOAD,218
591,1080,29,2026-05-17,UPLOAD,44
592,1037,22,2026-05-13,DOWNLOAD,443
593,1073,24,2026-05-05,EXPORT,435
594,1081,3,2026-05-15,EXPORT,480
595,1100,24,2026-05-02,EXPORT,449
596,1059,26,2026-05-02,UPLOAD,212
597,1095,5,2026-05-20,DELETE,78
598,1037,13,2026-05-30,LOGIN,38
599,1101,37,2026-05-16,DELETE,66
600,1129,22,2026-05-12,UPLOAD,83
601,1053,34,2026-05-27,DOWNLOAD,470
602,1062,39,2026-05-04,LOGIN,177
603,1143,3,2026-05-31,EXPORT,99
604,1051,32,2026-05-26,DOWNLOAD,9
605,1014,24,2026-05-23,DELETE,311
606,1108,9,2026-05-09,LOGIN,357
607,1098,3,2026-05-27,EXPORT,62
608,1059,22,2026-05-12,LOGIN,127
609,1151,24,2026-05-02,DELETE,97
610,1145,38,2026-05-08,UPLOAD,7
611,1056,10,2026-05-14,DELETE,27
612,1133,35,2026-05-24,UPLOAD,270
613,1145,20,2026-05-11,EXPORT,307
614,1018,12,2026-05-08,DELETE,292
615,1089,12,2026-05-09,DELETE,381
616,1055,17,2026-05-25,DELETE,52
617,1047,4,2026-05-30,DELETE,415
618,1104,8,2026-05-26,UPLOAD,257
619,1021,7,2026-05-07,UPLOAD,40
620,1100,18,2026-05-21,DOWNLOAD,92
621,1010,26,2026-05-23,EXPORT,314
622,1084,31,2026-05-14,EXPORT,24
623,1053,8,2026-05-07,UPLOAD,135
624,1127,34,2026-05-26,DOWNLOAD,201
625,1135,16,2026-05-10,DOWNLOAD,391
626,1030,20,2026-05-07,DELETE,428
627,1093,10,2026-05-24,DOWNLOAD,255
628,1055,5,2026-05-15,EXPORT,320
629,1065,11,2026-05-18,LOGIN,458
630,1021,38,2026-05-13,UPLOAD,467
631,1007,39,2026-05-04,DELETE,383
632,1044,22,2026-05-12,DOWNLOAD,202
633,1068,11,2026-05-25,UPLOAD,27
634,1103,18,2026-05-20,UPLOAD,192
635,1143,18,2026-05-18,UPLOAD,290
636,1098,31,2026-05-07,EXPORT,171
637,1002,20,2026-05-22,DELETE,172
638,1101,23,2026-05-04,LOGIN,52
639,1131,40,2026-05-29,DELETE,217
640,1047,10,2026-05-24,DOWNLOAD,305
641,1100,17,2026-05-22,DELETE,41
642,1027,8,2026-05-08,EXPORT,410
643,1132,31,2026-05-20,LOGIN,56
644,1036,40,2026-05-18,DELETE,262
645,1083,26,2026-05-28,DOWNLOAD,18
646,1098,9,2026-05-06,DELETE,22
647,1080,32,2026-05-09,EXPORT,118
648,1051,23,2026-05-12,UPLOAD,182
649,1086,32,2026-05-09,EXPORT,275
650,1002,36,2026-05-15,EXPORT,297
651,1017,5,2026-05-27,EXPORT,390
652,1023,1,2026-05-13,LOGIN,123
653,1046,31,2026-05-25,DELETE,367
654,1140,31,2026-05-30,DOWNLOAD,344
655,1054,9,2026-05-03,UPLOAD,334
656,1013,33,2026-05-03,UPLOAD,73
657,1071,35,2026-05-26,LOGIN,36
658,1015,26,2026-05-19,DOWNLOAD,454
659,1062,2,2026-05-21,UPLOAD,240
660,1070,34,2026-05-21,DOWNLOAD,245
661,1071,17,2026-05-13,DOWNLOAD,317
662,1131,6,2026-05-21,DELETE,250
663,1021,37,2026-05-24,LOGIN,321
664,1054,31,2026-05-26,EXPORT,265
665,1134,28,2026-05-12,EXPORT,345
666,1121,21,2026-05-24,UPLOAD,150
667,1011,11,2026-05-31,UPLOAD,308
668,1125,36,2026-05-30,LOGIN,300
669,1072,39,2026-05-24,DELETE,72
670,1109,27,2026-05-30,UPLOAD,356
671,1027,20,2026-05-25,UPLOAD,488
672,1093,20,2026-05-26,DOWNLOAD,60
673,1033,2,2026-05-06,LOGIN,392
674,1005,37,2026-05-18,EXPORT,149
675,1009,27,2026-05-09,LOGIN,56
676,1141,18,2026-05-22,EXPORT,129
677,1094,13,2026-05-17,DOWNLOAD,451
678,1118,18,2026-05-28,DELETE,430
679,1089,11,2026-05-12,EXPORT,421
680,1134,14,2026-05-21,DOWNLOAD,474
681,1103,4,2026-05-23,DELETE,278
682,1074,39,2026-05-30,DOWNLOAD,415
683,1125,13,2026-05-28,DELETE,132
684,1048,19,2026-05-28,UPLOAD,467
685,1083,39,2026-05-17,DELETE,449
686,1011,25,2026-05-15,EXPORT,29
687,1145,15,2026-05-23,DELETE,65
688,1130,20,2026-05-27,LOGIN,398
689,1007,17,2026-05-21,DELETE,340
690,1105,1,2026-05-21,DOWNLOAD,392
691,1057,29,2026-05-02,EXPORT,132
692,1031,19,2026-05-28,UPLOAD,163
693,1121,30,2026-05-04,UPLOAD,255
694,1081,25,2026-05-09,DOWNLOAD,292
695,1079,28,2026-05-12,UPLOAD,156
696,1135,37,2026-05-02,EXPORT,319
697,1094,11,2026-05-25,DOWNLOAD,406
698,1142,16,2026-05-24,EXPORT,484
699,1095,18,2026-05-31,UPLOAD,377
700,1009,9,2026-05-29,UPLOAD,96
701,1009,28,2026-05-04,LOGIN,207
702,1113,27,2026-05-12,DOWNLOAD,204
703,1122,38,2026-05-02,DELETE,197
704,1130,23,2026-05-06,DOWNLOAD,378
705,1108,22,2026-05-31,EXPORT,390
706,1086,4,2026-05-07,UPLOAD,409
707,1016,32,2026-05-31,LOGIN,128
708,1002,24,2026-05-18,DOWNLOAD,120
709,1126,38,2026-05-24,EXPORT,471
710,1118,28,2026-05-25,LOGIN,174
711,1128,6,2026-05-05,LOGIN,482
712,1043,33,2026-05-22,LOGIN,131
713,1063,31,2026-05-22,UPLOAD,364
714,1125,10,2026-05-10,EXPORT,413
715,1145,12,2026-05-18,LOGIN,57
716,1019,7,2026-05-29,UPLOAD,397
717,1133,24,2026-05-11,UPLOAD,174
718,1023,28,2026-05-17,UPLOAD,248
719,1108,11,2026-05-30,DOWNLOAD,288
720,1019,32,2026-05-11,UPLOAD,425
721,1128,20,2026-05-05,EXPORT,65
722,1129,28,2026-05-06,DELETE,63
723,1043,1,2026-05-14,DOWNLOAD,420
724,1025,27,2026-05-16,LOGIN,429
725,1006,16,2026-05-28,UPLOAD,79
726,1081,36,2026-05-14,DOWNLOAD,374
727,1076,6,2026-05-01,DOWNLOAD,217
728,1025,10,2026-05-24,EXPORT,130
729,1119,39,2026-05-05,LOGIN,156
730,1122,19,2026-05-05,DELETE,69
731,1103,10,2026-05-08,DELETE,212
732,1059,26,2026-05-14,DOWNLOAD,120
733,1119,34,2026-05-08,DOWNLOAD,92
734,1055,1,2026-05-09,LOGIN,14
735,1075,10,2026-05-27,DOWNLOAD,484
736,1131,33,2026-05-20,UPLOAD,352
737,1148,26,2026-05-03,DELETE,54
738,1087,34,2026-05-10,UPLOAD,101
739,1124,37,2026-05-16,EXPORT,256
740,1077,13,2026-05-11,DOWNLOAD,67
741,1093,38,2026-05-02,LOGIN,490
742,1079,30,2026-05-01,EXPORT,90
743,1008,24,2026-05-30,EXPORT,197
744,1098,34,2026-05-10,LOGIN,359
745,1117,37,2026-05-21,EXPORT,62
746,1055,19,2026-05-06,UPLOAD,497
747,1037,2,2026-05-08,EXPORT,208
748,1090,30,2026-05-30,LOGIN,306
749,1014,22,2026-05-31,DELETE,349
750,1089,32,2026-05-06,DOWNLOAD,288
751,1067,33,2026-05-31,LOGIN,124
752,1133,40,2026-05-02,UPLOAD,469
753,1079,15,2026-05-08,UPLOAD,212
754,1122,6,2026-05-21,DELETE,228
755,1018,36,2026-05-29,UPLOAD,319
756,1011,16,2026-05-03,LOGIN,497
757,1074,21,2026-05-30,UPLOAD,264
758,1132,34,2026-05-22,DELETE,115
759,1126,40,2026-05-12,DELETE,128
760,1148,38,2026-05-06,EXPORT,173
761,1133,35,2026-05-19,EXPORT,117
762,1110,33,2026-05-07,UPLOAD,64
763,1141,8,2026-05-23,UPLOAD,322
764,1073,12,2026-05-23,UPLOAD,15
765,1003,39,2026-05-24,UPLOAD,24
766,1002,18,2026-05-27,EXPORT,222
767,1140,40,2026-05-23,LOGIN,139
768,1088,21,2026-05-13,LOGIN,355
769,1056,27,2026-05-04,LOGIN,66
770,1058,12,2026-05-21,EXPORT,395
771,1143,6,2026-05-14,LOGIN,123
772,1151,31,2026-05-04,LOGIN,324
773,1113,34,2026-05-18,EXPORT,190
774,1071,7,2026-05-07,DOWNLOAD,136
775,1102,31,2026-05-13,UPLOAD,204
776,1045,4,2026-05-03,UPLOAD,247
777,1144,17,2026-05-29,DOWNLOAD,146
778,1123,29,2026-05-17,DELETE,253
779,1017,3,2026-05-01,LOGIN,346
780,1030,24,2026-05-25,DOWNLOAD,155
781,1037,3,2026-05-11,LOGIN,349
782,1018,39,2026-05-19,DOWNLOAD,296
783,1011,27,2026-05-07,UPLOAD,94
784,1060,1,2026-05-25,LOGIN,284
785,1080,15,2026-05-14,EXPORT,86
786,1038,14,2026-05-07,UPLOAD,25
787,1137,4,2026-05-27,UPLOAD,67
788,1046,4,2026-05-24,UPLOAD,307
789,1042,25,2026-05-22,LOGIN,329
790,1023,11,2026-05-11,DELETE,275
791,1106,33,2026-05-19,DOWNLOAD,419
792,1034,11,2026-05-16,DOWNLOAD,222
793,1150,12,2026-05-17,EXPORT,264
794,1055,15,2026-05-26,DELETE,387
795,1015,26,2026-05-14,UPLOAD,136
796,1079,24,2026-05-24,DOWNLOAD,176
797,1011,26,2026-05-22,LOGIN,118
798,1058,27,2026-05-15,UPLOAD,449
799,1042,36,2026-05-18,UPLOAD,195
800,1081,27,2026-05-12,DELETE,87
801,1089,38,2026-05-13,DELETE,158
802,1135,2,2026-05-26,DOWNLOAD,438
803,1117,23,2026-05-24,DOWNLOAD,421
804,1052,9,2026-05-04,UPLOAD,392
805,1013,8,2026-05-10,EXPORT,189
806,1032,40,2026-05-09,UPLOAD,243
807,1039,1,2026-05-31,LOGIN,322
808,1078,21,2026-05-12,EXPORT,106
809,1063,26,2026-05-25,DOWNLOAD,348
810,1020,15,2026-05-25,EXPORT,483
811,1016,25,2026-05-04,EXPORT,166
812,1105,39,2026-05-06,DOWNLOAD,130
813,1147,16,2026-05-14,LOGIN,294
814,1101,35,2026-05-04,LOGIN,134
815,1074,23,2026-05-26,DELETE,303
816,1072,12,2026-05-10,DELETE,332
817,1078,19,2026-05-05,LOGIN,437
818,1106,34,2026-05-07,LOGIN,25
819,1049,8,2026-05-07,DELETE,144
820,1101,23,2026-05-10,DELETE,40
821,1120,11,2026-05-22,LOGIN,383
822,1133,34,2026-05-28,DOWNLOAD,261
823,1105,5,2026-05-26,LOGIN,430
824,1043,37,2026-05-20,DOWNLOAD,363
825,1047,25,2026-05-31,DOWNLOAD,148
826,1145,24,2026-05-13,DOWNLOAD,53
827,1019,24,2026-05-28,DELETE,10
828,1117,34,2026-05-29,UPLOAD,128
829,1056,18,2026-05-15,LOGIN,229
830,1142,12,2026-05-21,EXPORT,495
831,1092,39,2026-05-31,EXPORT,273
832,1132,15,2026-05-05,LOGIN,177
833,1131,12,2026-05-25,DOWNLOAD,13
834,1079,29,2026-05-30,DELETE,231
835,1150,29,2026-05-31,DELETE,160
836,1112,20,2026-05-16,DOWNLOAD,196
837,1050,15,2026-05-27,LOGIN,422
838,1010,3,2026-05-06,EXPORT,164
839,1098,16,2026-05-04,DELETE,123
840,1016,19,2026-05-06,DOWNLOAD,453
841,1037,7,2026-05-23,DELETE,363
842,1100,36,2026-05-23,DOWNLOAD,93
843,1022,22,2026-05-26,DELETE,184
844,1122,15,2026-05-16,EXPORT,334
845,1032,9,2026-05-19,DELETE,454
846,1081,17,2026-05-06,LOGIN,136
847,1073,33,2026-05-11,UPLOAD,29
848,1033,2,2026-05-14,DOWNLOAD,84
849,1120,7,2026-05-23,UPLOAD,67
850,1097,31,2026-05-15,EXPORT,300
851,1130,14,2026-05-01,EXPORT,112
852,1014,37,2026-05-04,UPLOAD,329
853,1101,4,2026-05-07,EXPORT,188
854,1061,10,2026-05-28,EXPORT,155
855,1065,22,2026-05-10,DOWNLOAD,88
856,1086,24,2026-05-01,DOWNLOAD,391
857,1030,18,2026-05-14,DOWNLOAD,388
858,1027,11,2026-05-24,LOGIN,325
859,1064,1,2026-05-06,LOGIN,498
860,1033,32,2026-05-14,LOGIN,386
861,1053,16,2026-05-22,LOGIN,311
862,1080,14,2026-05-19,UPLOAD,252
863,1138,33,2026-05-06,DOWNLOAD,285
864,1130,7,2026-05-20,EXPORT,212
865,1094,19,2026-05-25,DELETE,301
866,1110,25,2026-05-29,LOGIN,9
867,1043,5,2026-05-20,EXPORT,232
868,1147,10,2026-05-06,DOWNLOAD,196
869,1115,4,2026-05-11,UPLOAD,138
870,1099,24,2026-05-29,EXPORT,80
871,1011,6,2026-05-31,DELETE,306
872,1052,12,2026-05-29,EXPORT,411
873,1126,20,2026-05-30,DOWNLOAD,114
874,1122,26,2026-05-29,EXPORT,170
875,1032,12,2026-05-22,UPLOAD,393
876,1080,33,2026-05-11,DOWNLOAD,65
877,1029,12,2026-05-17,LOGIN,134
878,1036,38,2026-05-20,DOWNLOAD,7
879,1088,4,2026-05-09,EXPORT,493
880,1112,17,2026-05-14,DELETE,139
881,1052,10,2026-05-27,DOWNLOAD,350
882,1053,19,2026-05-26,DOWNLOAD,464
883,1068,33,2026-05-06,DOWNLOAD,438
884,1133,37,2026-05-28,DOWNLOAD,448
885,1083,28,2026-05-04,EXPORT,497
886,1115,2,2026-05-07,LOGIN,453
887,1124,38,2026-05-30,DELETE,197
888,1126,38,2026-05-10,DOWNLOAD,357
889,1112,21,2026-05-07,DELETE,66
890,1151,23,2026-05-05,EXPORT,314
891,1099,33,2026-05-04,LOGIN,249
892,1002,26,2026-05-15,DOWNLOAD,491
893,1138,30,2026-05-04,LOGIN,57
894,1059,4,2026-05-15,DOWNLOAD,13
895,1006,6,2026-05-07,DOWNLOAD,133
896,1104,34,2026-05-06,UPLOAD,403
897,1083,20,2026-05-04,DELETE,349
898,1048,37,2026-05-19,LOGIN,112
899,1120,15,2026-05-02,DELETE,296
900,1088,40,2026-05-15,DELETE,398
901,1128,23,2026-05-20,DELETE,379
902,1073,9,2026-05-23,LOGIN,54
903,1032,34,2026-05-30,DOWNLOAD,419
904,1104,34,2026-05-02,DOWNLOAD,216
905,1005,27,2026-05-13,DOWNLOAD,73
906,1085,16,2026-05-28,DOWNLOAD,480
907,1017,4,2026-05-25,DOWNLOAD,102
908,1024,28,2026-05-14,DOWNLOAD,107
909,1128,17,2026-05-09,EXPORT,362
910,1091,12,2026-05-16,EXPORT,20
911,1112,5,2026-05-22,DOWNLOAD,83
912,1082,35,2026-05-09,LOGIN,237
913,1086,38,2026-05-17,DELETE,235
914,1006,39,2026-05-22,DELETE,302
915,1028,36,2026-05-03,LOGIN,414
916,1106,30,2026-05-22,EXPORT,162
917,1148,14,2026-05-05,DELETE,262
918,1121,14,2026-05-12,EXPORT,455
919,1147,2,2026-05-05,UPLOAD,215
920,1008,28,2026-05-14,DELETE,188
921,1018,21,2026-05-17,UPLOAD,412
922,1037,15,2026-05-30,UPLOAD,199
923,1038,23,2026-05-05,UPLOAD,44
924,1002,10,2026-05-13,UPLOAD,195
925,1143,26,2026-05-27,DOWNLOAD,457
926,1059,35,2026-05-22,DOWNLOAD,319
927,1075,34,2026-05-15,LOGIN,484
928,1133,2,2026-05-31,DELETE,65
929,1106,31,2026-05-17,LOGIN,184
930,1148,5,2026-05-10,UPLOAD,483
931,1082,19,2026-05-16,LOGIN,336
932,1140,30,2026-05-29,DOWNLOAD,239
933,1113,17,2026-05-30,EXPORT,40
934,1081,29,2026-05-23,EXPORT,232
935,1068,12,2026-05-29,EXPORT,35
936,1019,8,2026-05-16,EXPORT,229
937,1087,15,2026-05-17,EXPORT,127
938,1027,34,2026-05-07,DELETE,267
939,1116,28,2026-05-11,UPLOAD,127
940,1116,21,2026-05-14,DOWNLOAD,222
941,1045,17,2026-05-12,EXPORT,350
942,1078,18,2026-05-09,DELETE,280
943,1068,24,2026-05-07,DOWNLOAD,102
944,1087,24,2026-05-14,EXPORT,421
945,1036,12,2026-05-16,UPLOAD,471
946,1133,1,2026-05-28,LOGIN,405
947,1027,36,2026-05-10,UPLOAD,495
948,1027,32,2026-05-31,UPLOAD,489
949,1095,5,2026-05-28,EXPORT,10
950,1076,26,2026-05-05,LOGIN,127
951,1134,3,2026-05-19,LOGIN,90
952,1076,33,2026-05-07,DOWNLOAD,234
953,1128,39,2026-05-22,DELETE,85
954,1142,20,2026-05-24,DOWNLOAD,408
955,1022,12,2026-05-30,EXPORT,366
956,1075,38,2026-05-08,LOGIN,430
957,1104,20,2026-05-10,UPLOAD,195
958,1052,17,2026-05-27,UPLOAD,259
959,1103,8,2026-05-22,DELETE,45
960,1102,13,2026-05-23,EXPORT,222
961,1121,9,2026-05-03,EXPORT,352
962,1077,19,2026-05-14,DOWNLOAD,118
963,1006,26,2026-05-20,LOGIN,369
964,1148,5,2026-05-23,LOGIN,204
965,1054,25,2026-05-22,DELETE,495
966,1002,5,2026-05-03,UPLOAD,139
967,1072,23,2026-05-15,DOWNLOAD,203
968,1091,35,2026-05-10,DELETE,161
969,1128,32,2026-05-07,LOGIN,327
970,1132,6,2026-05-19,DOWNLOAD,404
971,1088,14,2026-05-10,EXPORT,337
972,1096,29,2026-05-29,UPLOAD,310
973,1147,37,2026-05-14,LOGIN,342
974,1042,22,2026-05-08,LOGIN,48
975,1099,20,2026-05-29,DELETE,209
976,1051,8,2026-05-23,UPLOAD,291
977,1003,27,2026-05-20,LOGIN,327
978,1037,7,2026-05-01,LOGIN,226
979,1022,34,2026-05-06,LOGIN,263
980,1103,28,2026-05-15,DELETE,94
981,1098,31,2026-05-05,LOGIN,454
982,1087,21,2026-05-14,DELETE,107
983,1062,10,2026-05-09,EXPORT,486
984,1035,36,2026-05-26,EXPORT,362
985,1029,13,2026-05-31,EXPORT,209
986,1066,26,2026-05-06,EXPORT,335
987,1125,34,2026-05-01,DOWNLOAD,361
988,1050,19,2026-05-19,DOWNLOAD,267
989,1014,6,2026-05-15,EXPORT,495
990,1048,15,2026-05-02,EXPORT,31
991,1044,18,2026-05-19,UPLOAD,11
992,1072,20,2026-05-17,LOGIN,268
993,1129,1,2026-05-11,UPLOAD,360
994,1003,22,2026-05-18,UPLOAD,46
995,1118,36,2026-05-24,UPLOAD,225
996,1098,18,2026-05-14,UPLOAD,345
997,1048,10,2026-05-19,UPLOAD,158
998,1126,20,2026-05-09,UPLOAD,65
999,1009,40,2026-05-11,EXPORT,280
1000,1046,6,2026-05-11,UPLOAD,225
1001,1058,37,2026-05-04,DOWNLOAD,83
1002,1015,22,2026-05-18,LOGIN,91
1003,1119,4,2026-05-12,DOWNLOAD,83
1004,1144,4,2026-05-23,DELETE,55
1005,1115,19,2026-05-09,DOWNLOAD,334
1006,1046,29,2026-05-05,DELETE,390
1007,1071,28,2026-05-01,EXPORT,244
1008,1035,13,2026-05-25,DELETE,376
1009,1066,39,2026-05-09,UPLOAD,132
1010,1057,28,2026-05-07,UPLOAD,290
1011,1112,30,2026-05-01,UPLOAD,233
1012,1034,22,2026-05-20,DELETE,351
1013,1031,23,2026-05-17,DELETE,405
1014,1012,18,2026-05-03,DELETE,199
1015,1065,17,2026-05-23,LOGIN,460
1016,1129,31,2026-05-01,LOGIN,431
1017,1079,28,2026-05-24,LOGIN,105
1018,1014,8,2026-05-13,UPLOAD,309
1019,1138,32,2026-05-26,EXPORT,8
1020,1067,6,2026-05-20,DOWNLOAD,476
1021,1084,8,2026-05-20,LOGIN,289
1022,1128,22,2026-05-28,DOWNLOAD,204
1023,1050,40,2026-05-12,LOGIN,166
1024,1119,31,2026-05-17,DELETE,244
1025,1128,6,2026-05-21,DELETE,397
1026,1100,4,2026-05-08,UPLOAD,190
1027,1091,7,2026-05-24,UPLOAD,85
1028,1116,34,2026-05-30,DOWNLOAD,78
1029,1011,27,2026-05-23,UPLOAD,412
1030,1131,2,2026-05-23,EXPORT,188
1031,1010,14,2026-05-24,EXPORT,241
1032,1051,29,2026-05-24,EXPORT,218
1033,1032,39,2026-05-15,UPLOAD,85
1034,1072,22,2026-05-17,LOGIN,227
1035,1047,5,2026-05-02,DOWNLOAD,368
1036,1013,18,2026-05-10,DOWNLOAD,193
1037,1122,16,2026-05-24,DOWNLOAD,205
1038,1067,6,2026-05-01,LOGIN,467
1039,1053,1,2026-05-25,UPLOAD,195
1040,1053,12,2026-05-25,LOGIN,174
1041,1143,24,2026-05-13,DELETE,375
1042,1121,11,2026-05-12,LOGIN,226
1043,1042,34,2026-05-15,UPLOAD,21
1044,1029,29,2026-05-10,LOGIN,203
1045,1047,32,2026-05-02,UPLOAD,242
1046,1030,21,2026-05-28,LOGIN,241
1047,1123,40,2026-05-22,LOGIN,350
1048,1014,33,2026-05-31,DOWNLOAD,249
1049,1079,33,2026-05-15,DOWNLOAD,454
1050,1111,28,2026-05-20,DOWNLOAD,308
1051,1059,36,2026-05-10,UPLOAD,225
1052,1110,1,2026-05-23,EXPORT,117
1053,1106,12,2026-05-31,EXPORT,458
1054,1064,33,2026-05-02,EXPORT,421
1055,1044,5,2026-05-13,EXPORT,298
1056,1014,2,2026-05-10,UPLOAD,261
1057,1091,36,2026-05-17,DOWNLOAD,59
1058,1044,24,2026-05-16,DOWNLOAD,443
1059,1061,21,2026-05-15,DOWNLOAD,142
1060,1002,30,2026-05-25,UPLOAD,376
1061,1079,15,2026-05-12,LOGIN,315
1062,1074,9,2026-05-28,DELETE,99
1063,1009,32,2026-05-09,UPLOAD,129
1064,1133,8,2026-05-12,LOGIN,28
1065,1068,23,2026-05-25,DOWNLOAD,460
1066,1062,27,2026-05-21,DOWNLOAD,288
1067,1135,8,2026-05-12,EXPORT,96
1068,1107,29,2026-05-19,EXPORT,368
1069,1074,11,2026-05-22,LOGIN,55
1070,1101,21,2026-05-26,DELETE,386
1071,1026,39,2026-05-17,LOGIN,434
1072,1043,30,2026-05-16,LOGIN,204
1073,1109,33,2026-05-30,DELETE,161
1074,1062,3,2026-05-10,LOGIN,151
1075,1023,13,2026-05-24,LOGIN,97
1076,1064,36,2026-05-10,UPLOAD,383
1077,1072,23,2026-05-20,DELETE,211
1078,1144,26,2026-05-02,DOWNLOAD,483
1079,1120,10,2026-05-27,EXPORT,9
1080,1009,38,2026-05-20,DOWNLOAD,437
1081,1004,36,2026-05-30,DOWNLOAD,96
1082,1039,23,2026-05-01,EXPORT,315
1083,1044,8,2026-05-16,EXPORT,50
1084,1041,14,2026-05-10,LOGIN,147
1085,1013,24,2026-05-15,DELETE,254
1086,1076,18,2026-05-26,EXPORT,460
1087,1140,40,2026-05-29,DELETE,488
1088,1024,37,2026-05-24,LOGIN,228
1089,1048,25,2026-05-15,DOWNLOAD,171
1090,1099,20,2026-05-06,EXPORT,491
1091,1032,25,2026-05-17,EXPORT,410
1092,1021,17,2026-05-13,LOGIN,322
1093,1064,4,2026-05-01,DELETE,201
1094,1144,21,2026-05-18,DELETE,334
1095,1090,20,2026-05-23,UPLOAD,163
1096,1038,17,2026-05-02,DOWNLOAD,425
1097,1003,35,2026-05-03,UPLOAD,155
1098,1100,23,2026-05-28,DELETE,228
1099,1002,21,2026-05-11,UPLOAD,220
1100,1003,21,2026-05-25,DELETE,392
1101,1104,24,2026-05-01,EXPORT,303
1102,1106,37,2026-05-25,LOGIN,42
1103,1111,18,2026-05-06,UPLOAD,147
1104,1090,19,2026-05-16,EXPORT,15
1105,1027,5,2026-05-15,EXPORT,285
1106,1038,27,2026-05-09,LOGIN,414
1107,1008,6,2026-05-12,LOGIN,43
1108,1023,14,2026-05-10,EXPORT,60
1109,1134,3,2026-05-27,EXPORT,439
1110,1059,1,2026-05-24,UPLOAD,361
1111,1058,31,2026-05-07,UPLOAD,360
1112,1144,10,2026-05-10,DOWNLOAD,421
1113,1026,31,2026-05-07,DOWNLOAD,116
1114,1079,17,2026-05-06,EXPORT,368
1115,1096,39,2026-05-13,DOWNLOAD,152
1116,1147,40,2026-05-11,EXPORT,312
1117,1117,16,2026-05-30,LOGIN,38
1118,1099,27,2026-05-24,LOGIN,305
1119,1052,16,2026-05-25,UPLOAD,336
1120,1077,4,2026-05-08,DELETE,104
1121,1047,27,2026-05-25,EXPORT,264
1122,1014,9,2026-05-05,UPLOAD,273
1123,1047,25,2026-05-03,DOWNLOAD,63
1124,1094,24,2026-05-04,EXPORT,327
1125,1106,28,2026-05-04,UPLOAD,441
1126,1141,18,2026-05-25,DOWNLOAD,405
1127,1139,26,2026-05-09,EXPORT,459
1128,1002,10,2026-05-01,UPLOAD,382
1129,1115,34,2026-05-30,DELETE,49
1130,1024,38,2026-05-15,UPLOAD,307
1131,1082,11,2026-05-13,EXPORT,210
1132,1023,14,2026-05-31,DOWNLOAD,356
1133,1117,38,2026-05-05,EXPORT,116
1134,1070,1,2026-05-18,EXPORT,245
1135,1110,17,2026-05-05,UPLOAD,414
1136,1075,17,2026-05-11,EXPORT,419
1137,1135,10,2026-05-21,LOGIN,372
1138,1122,30,2026-05-03,DELETE,128
1139,1138,33,2026-05-04,DOWNLOAD,163
1140,1085,2,2026-05-07,DELETE,468
1141,1119,20,2026-05-26,UPLOAD,320
1142,1025,32,2026-05-29,UPLOAD,5
1143,1113,3,2026-05-04,LOGIN,178
1144,1024,36,2026-05-03,UPLOAD,294
1145,1012,5,2026-05-10,UPLOAD,222
1146,1131,20,2026-05-20,UPLOAD,186
1147,1134,3,2026-05-11,DELETE,191
1148,1059,3,2026-05-18,LOGIN,98
1149,1083,36,2026-05-01,EXPORT,45
1150,1072,6,2026-05-21,DOWNLOAD,55
1151,1036,39,2026-05-09,LOGIN,9
1152,1061,36,2026-05-25,DELETE,348
1153,1100,24,2026-05-17,EXPORT,398
1154,1133,38,2026-05-12,EXPORT,170
1155,1142,37,2026-05-01,DOWNLOAD,423
1156,1065,8,2026-05-24,EXPORT,198
1157,1012,38,2026-05-23,LOGIN,481
1158,1130,16,2026-05-07,EXPORT,151
1159,1014,1,2026-05-14,DELETE,170
1160,1067,14,2026-05-09,EXPORT,441
1161,1115,10,2026-05-12,DELETE,380
1162,1099,10,2026-05-21,EXPORT,238
1163,1067,22,2026-05-08,DOWNLOAD,54
1164,1014,40,2026-05-07,LOGIN,338
1165,1045,31,2026-05-14,DELETE,352
1166,1137,4,2026-05-02,EXPORT,166
1167,1138,23,2026-05-02,UPLOAD,392
1168,1136,12,2026-05-29,UPLOAD,65
1169,1061,8,2026-05-20,LOGIN,371
1170,1033,24,2026-05-17,DELETE,349
1171,1072,1,2026-05-10,DOWNLOAD,251
1172,1127,26,2026-05-21,DOWNLOAD,251
1173,1102,22,2026-05-05,LOGIN,458
1174,1023,25,2026-05-01,DOWNLOAD,224
1175,1059,31,2026-05-05,EXPORT,362
1176,1100,34,2026-05-04,LOGIN,397
1177,1056,37,2026-05-12,DELETE,184
1178,1127,11,2026-05-14,DOWNLOAD,342
1179,1084,4,2026-05-26,EXPORT,419
1180,1058,8,2026-05-11,DOWNLOAD,346
1181,1128,35,2026-05-21,LOGIN,72
1182,1140,25,2026-05-04,LOGIN,165
1183,1134,31,2026-05-25,DOWNLOAD,104
1184,1032,23,2026-05-09,LOGIN,319
1185,1008,40,2026-05-03,UPLOAD,423
1186,1013,38,2026-05-03,LOGIN,273
1187,1063,4,2026-05-03,DELETE,83
1188,1025,36,2026-05-07,DOWNLOAD,193
1189,1061,7,2026-05-01,UPLOAD,101
1190,1088,10,2026-05-13,DOWNLOAD,480
1191,1125,6,2026-05-04,LOGIN,308
1192,1026,31,2026-05-25,UPLOAD,358
1193,1084,4,2026-05-12,DOWNLOAD,170
1194,1022,21,2026-05-08,LOGIN,453
1195,1135,20,2026-05-19,LOGIN,58
1196,1062,17,2026-05-24,DOWNLOAD,163
1197,1122,6,2026-05-06,DOWNLOAD,53
1198,1118,11,2026-05-10,DOWNLOAD,469
1199,1146,18,2026-05-13,UPLOAD,154
1200,1010,9,2026-05-30,UPLOAD,228
1201,1031,12,2026-05-27,DELETE,417
1202,1026,31,2026-05-03,UPLOAD,197
1203,1109,31,2026-05-28,LOGIN,52
1204,1090,34,2026-05-09,UPLOAD,96
1205,1126,16,2026-05-10,DOWNLOAD,109
1206,1025,12,2026-05-13,DOWNLOAD,454
1207,1120,13,2026-05-16,UPLOAD,285
1208,1018,36,2026-05-23,LOGIN,25
1209,1108,13,2026-05-08,DELETE,489
1210,1143,2,2026-05-26,DOWNLOAD,286
1211,1128,15,2026-05-11,EXPORT,364
1212,1008,13,2026-05-02,DELETE,133
1213,1043,34,2026-05-29,EXPORT,420
1214,1024,26,2026-05-19,EXPORT,77
1215,1117,6,2026-05-29,EXPORT,178
1216,1102,21,2026-05-23,DOWNLOAD,245
1217,1065,33,2026-05-02,DOWNLOAD,265
1218,1026,15,2026-05-06,EXPORT,172
1219,1074,35,2026-05-16,EXPORT,149
1220,1066,28,2026-05-16,DELETE,57
1221,1014,6,2026-05-07,DOWNLOAD,225
1222,1129,37,2026-05-11,EXPORT,112
1223,1094,40,2026-05-27,LOGIN,343
1224,1037,6,2026-05-16,DOWNLOAD,364
1225,1018,11,2026-05-06,DOWNLOAD,289
1226,1113,14,2026-05-05,LOGIN,375
1227,1030,21,2026-05-09,EXPORT,80
1228,1100,20,2026-05-03,UPLOAD,140
1229,1021,5,2026-05-21,DOWNLOAD,111
1230,1144,9,2026-05-29,EXPORT,47
1231,1018,30,2026-05-21,LOGIN,227
1232,1149,38,2026-05-08,LOGIN,147
1233,1010,27,2026-05-08,DOWNLOAD,166
1234,1105,5,2026-05-17,LOGIN,94
1235,1004,5,2026-05-30,LOGIN,386
1236,1015,40,2026-05-06,EXPORT,423
1237,1053,15,2026-05-12,LOGIN,481
1238,1055,9,2026-05-06,UPLOAD,421
1239,1122,25,2026-05-15,EXPORT,357
1240,1135,8,2026-05-11,EXPORT,232
1241,1139,14,2026-05-10,DOWNLOAD,281
1242,1116,39,2026-05-29,EXPORT,482
1243,1125,32,2026-05-02,DOWNLOAD,151
1244,1116,31,2026-05-21,LOGIN,100
1245,1094,23,2026-05-29,DELETE,5
1246,1025,1,2026-05-06,UPLOAD,183
1247,1102,31,2026-05-19,UPLOAD,165
1248,1040,7,2026-05-17,LOGIN,30
1249,1120,15,2026-05-09,DELETE,430
1250,1093,6,2026-05-02,EXPORT,314
1251,1119,16,2026-05-04,DELETE,49
1252,1011,14,2026-05-25,EXPORT,159
1253,1132,17,2026-05-09,EXPORT,311
1254,1074,10,2026-05-08,EXPORT,32
1255,1054,29,2026-05-30,DELETE,216
1256,1080,8,2026-05-04,LOGIN,12
1257,1056,11,2026-05-01,EXPORT,350
1258,1117,18,2026-05-11,LOGIN,419
1259,1094,20,2026-05-11,EXPORT,9
1260,1099,16,2026-05-07,LOGIN,15
1261,1044,27,2026-05-18,LOGIN,345
1262,1005,23,2026-05-08,LOGIN,204
1263,1080,14,2026-05-30,DOWNLOAD,158
1264,1068,12,2026-05-15,DELETE,126
1265,1137,27,2026-05-26,EXPORT,192
1266,1004,13,2026-05-10,EXPORT,306
1267,1085,16,2026-05-14,DOWNLOAD,144
1268,1117,33,2026-05-27,LOGIN,239
1269,1095,24,2026-05-02,LOGIN,17
1270,1016,12,2026-05-10,EXPORT,206
1271,1111,9,2026-05-19,UPLOAD,376
1272,1070,13,2026-05-15,EXPORT,353
1273,1015,8,2026-05-22,EXPORT,268
1274,1107,18,2026-05-20,DOWNLOAD,430
1275,1094,27,2026-05-02,LOGIN,106
1276,1080,33,2026-05-17,DELETE,197
1277,1044,7,2026-05-03,EXPORT,397
1278,1126,13,2026-05-04,EXPORT,136
1279,1130,15,2026-05-25,DELETE,357
1280,1112,34,2026-05-25,DOWNLOAD,315
1281,1040,40,2026-05-05,UPLOAD,366
1282,1063,20,2026-05-12,DOWNLOAD,217
1283,1063,37,2026-05-21,EXPORT,383
1284,1017,17,2026-05-23,DOWNLOAD,331
1285,1038,29,2026-05-24,DELETE,59
1286,1128,21,2026-05-19,DOWNLOAD,100
1287,1025,14,2026-05-31,EXPORT,317
1288,1077,29,2026-05-12,DELETE,189
1289,1142,22,2026-05-05,DELETE,427
1290,1124,33,2026-05-23,EXPORT,160
1291,1025,13,2026-05-15,EXPORT,158
1292,1035,31,2026-05-27,EXPORT,105
1293,1079,12,2026-05-18,UPLOAD,358
1294,1145,32,2026-05-25,EXPORT,77
1295,1089,6,2026-05-19,DOWNLOAD,330
1296,1023,11,2026-05-23,LOGIN,26
1297,1122,23,2026-05-28,UPLOAD,205
1298,1017,7,2026-05-25,UPLOAD,499
1299,1029,20,2026-05-25,LOGIN,177
1300,1002,4,2026-05-03,DOWNLOAD,147
1301,1011,21,2026-05-02,UPLOAD,453
1302,1016,30,2026-05-11,UPLOAD,356
1303,1081,25,2026-05-14,EXPORT,499
1304,1021,31,2026-05-21,DELETE,150
1305,1021,2,2026-05-05,UPLOAD,271
1306,1006,20,2026-05-30,DOWNLOAD,487
1307,1046,14,2026-05-13,DELETE,357
1308,1023,38,2026-05-08,LOGIN,392
1309,1058,23,2026-05-06,UPLOAD,38
1310,1039,5,2026-05-12,DOWNLOAD,308
1311,1031,19,2026-05-07,LOGIN,87
1312,1002,7,2026-05-11,EXPORT,52
1313,1086,21,2026-05-08,EXPORT,336
1314,1044,33,2026-05-09,DELETE,300
1315,1127,20,2026-05-04,LOGIN,191
1316,1063,9,2026-05-05,DELETE,488
1317,1122,31,2026-05-04,LOGIN,436
1318,1075,8,2026-05-25,LOGIN,301
1319,1053,11,2026-05-12,EXPORT,410
1320,1076,7,2026-05-18,DELETE,371
1321,1131,21,2026-05-29,EXPORT,324
1322,1094,28,2026-05-31,LOGIN,208
1323,1019,15,2026-05-15,EXPORT,53
1324,1045,8,2026-05-08,DELETE,122
1325,1055,12,2026-05-11,DELETE,187
1326,1029,5,2026-05-14,DOWNLOAD,96
1327,1048,8,2026-05-07,EXPORT,275
1328,1072,37,2026-05-31,DOWNLOAD,136
1329,1063,14,2026-05-29,LOGIN,140
1330,1149,4,2026-05-16,EXPORT,483
1331,1057,27,2026-05-23,UPLOAD,387
1332,1013,15,2026-05-08,DOWNLOAD,320
1333,1088,20,2026-05-29,DELETE,131
1334,1105,22,2026-05-27,DOWNLOAD,350
1335,1009,36,2026-05-11,EXPORT,391
1336,1074,30,2026-05-01,DOWNLOAD,235
1337,1075,33,2026-05-17,DELETE,395
1338,1097,28,2026-05-07,DOWNLOAD,339
1339,1135,38,2026-05-18,DOWNLOAD,216
1340,1139,40,2026-05-12,UPLOAD,405
1341,1109,4,2026-05-20,LOGIN,384
1342,1028,14,2026-05-28,DELETE,228
1343,1102,2,2026-05-22,LOGIN,14
1344,1094,37,2026-05-21,UPLOAD,84
1345,1119,19,2026-05-05,EXPORT,116
1346,1072,14,2026-05-27,EXPORT,286
1347,1027,7,2026-05-06,UPLOAD,282
1348,1150,9,2026-05-26,EXPORT,403
1349,1142,33,2026-05-23,EXPORT,62
1350,1071,24,2026-05-02,DOWNLOAD,256
1351,1030,21,2026-05-12,DOWNLOAD,320
1352,1066,1,2026-05-11,DOWNLOAD,336
1353,1099,21,2026-05-04,UPLOAD,171
1354,1089,40,2026-05-07,EXPORT,391
1355,1129,24,2026-05-05,LOGIN,448
1356,1055,38,2026-05-11,DELETE,185
1357,1102,4,2026-05-30,EXPORT,412
1358,1065,6,2026-05-28,UPLOAD,443
1359,1025,3,2026-05-16,DOWNLOAD,6
1360,1098,34,2026-05-10,DELETE,200
1361,1042,25,2026-05-31,DELETE,411
1362,1044,27,2026-05-09,DELETE,386
1363,1069,18,2026-05-06,LOGIN,63
1364,1105,5,2026-05-13,DOWNLOAD,61
1365,1140,24,2026-05-04,DOWNLOAD,475
1366,1008,32,2026-05-11,DOWNLOAD,204
1367,1106,21,2026-05-11,DOWNLOAD,430
1368,1063,34,2026-05-28,EXPORT,112
1369,1148,29,2026-05-30,DELETE,144
1370,1073,5,2026-05-16,DELETE,205
1371,1124,28,2026-05-26,DELETE,79
1372,1005,6,2026-05-20,UPLOAD,241
1373,1129,11,2026-05-29,DOWNLOAD,483
1374,1011,39,2026-05-19,EXPORT,5
1375,1132,8,2026-05-29,EXPORT,359
1376,1017,35,2026-05-30,UPLOAD,58
1377,1068,11,2026-05-06,UPLOAD,252
1378,1005,20,2026-05-24,DELETE,303
1379,1150,22,2026-05-17,DELETE,450
1380,1082,12,2026-05-31,DELETE,403
1381,1067,5,2026-05-18,DELETE,11
1382,1011,34,2026-05-04,DELETE,416
1383,1042,34,2026-05-23,DOWNLOAD,244
1384,1035,30,2026-05-28,EXPORT,266
1385,1079,23,2026-05-18,DOWNLOAD,280
1386,1059,36,2026-05-11,EXPORT,348
1387,1117,25,2026-05-12,LOGIN,430
1388,1048,6,2026-05-10,LOGIN,488
1389,1003,29,2026-05-28,LOGIN,42
1390,1024,21,2026-05-24,EXPORT,194
1391,1119,7,2026-05-03,UPLOAD,336
1392,1101,37,2026-05-15,DOWNLOAD,263
1393,1033,9,2026-05-18,UPLOAD,160
1394,1070,36,2026-05-16,EXPORT,16
1395,1053,1,2026-05-07,DELETE,251
1396,1057,31,2026-05-11,UPLOAD,340
1397,1040,20,2026-05-28,EXPORT,176
1398,1003,28,2026-05-10,LOGIN,19
1399,1049,19,2026-05-09,DELETE,378
1400,1014,1,2026-05-20,LOGIN,315
1401,1125,29,2026-05-18,UPLOAD,99
1402,1148,10,2026-05-25,UPLOAD,249
1403,1025,36,2026-05-26,DOWNLOAD,473
1404,1004,23,2026-05-21,DOWNLOAD,342
1405,1063,18,2026-05-13,EXPORT,436
1406,1055,29,2026-05-26,UPLOAD,266
1407,1002,28,2026-05-23,LOGIN,68
1408,1023,7,2026-05-10,DOWNLOAD,213
1409,1108,31,2026-05-21,LOGIN,219
1410,1119,38,2026-05-12,EXPORT,39
1411,1015,2,2026-05-13,LOGIN,470
1412,1051,15,2026-05-21,LOGIN,15
1413,1020,22,2026-05-22,DELETE,283
1414,1056,11,2026-05-05,EXPORT,317
1415,1038,19,2026-05-24,DOWNLOAD,85
1416,1025,6,2026-05-27,DELETE,74
1417,1086,9,2026-05-12,UPLOAD,476
1418,1068,29,2026-05-27,UPLOAD,374
1419,1080,3,2026-05-04,DOWNLOAD,169
1420,1064,13,2026-05-03,EXPORT,67
1421,1071,15,2026-05-14,UPLOAD,84
1422,1088,5,2026-05-03,UPLOAD,481
1423,1057,5,2026-05-02,UPLOAD,33
1424,1119,2,2026-05-08,EXPORT,174
1425,1029,38,2026-05-29,UPLOAD,160
1426,1142,30,2026-05-30,DOWNLOAD,404
1427,1064,28,2026-05-07,DOWNLOAD,455
1428,1047,39,2026-05-22,DOWNLOAD,110
1429,1020,32,2026-05-02,DELETE,476
1430,1007,20,2026-05-18,DOWNLOAD,278
1431,1094,20,2026-05-26,LOGIN,436
1432,1128,29,2026-05-17,UPLOAD,405
1433,1114,35,2026-05-14,DOWNLOAD,245
1434,1053,32,2026-05-12,EXPORT,334
1435,1066,17,2026-05-26,EXPORT,233
1436,1143,8,2026-05-18,EXPORT,157
1437,1127,21,2026-05-25,DELETE,360
1438,1070,23,2026-05-17,EXPORT,499
1439,1092,27,2026-05-29,DELETE,308
1440,1120,6,2026-05-16,UPLOAD,347
1441,1023,8,2026-05-10,LOGIN,182
1442,1140,35,2026-05-04,EXPORT,23
1443,1112,5,2026-05-02,EXPORT,462
1444,1138,33,2026-05-05,DELETE,335
1445,1145,1,2026-05-14,DELETE,45
1446,1119,24,2026-05-10,LOGIN,265
1447,1130,32,2026-05-08,DOWNLOAD,266
1448,1081,33,2026-05-01,DELETE,391
1449,1071,38,2026-05-09,LOGIN,305
1450,1141,2,2026-05-23,UPLOAD,234
1451,1074,17,2026-05-21,EXPORT,79
1452,1022,10,2026-05-05,EXPORT,193
1453,1126,37,2026-05-09,LOGIN,116
1454,1106,37,2026-05-09,LOGIN,367
1455,1124,2,2026-05-18,EXPORT,238
1456,1078,12,2026-05-24,DELETE,180
1457,1147,37,2026-05-05,DOWNLOAD,412
1458,1118,30,2026-05-30,UPLOAD,370
1459,1151,15,2026-05-16,DOWNLOAD,52
1460,1088,23,2026-05-02,DOWNLOAD,414
1461,1142,18,2026-05-25,DOWNLOAD,181
1462,1087,31,2026-05-04,EXPORT,478
1463,1069,38,2026-05-21,DOWNLOAD,220
1464,1084,29,2026-05-23,DELETE,236
1465,1150,14,2026-05-18,DELETE,443
1466,1110,40,2026-05-05,DELETE,392
1467,1128,23,2026-05-08,LOGIN,53
1468,1104,25,2026-05-12,UPLOAD,462
1469,1122,38,2026-05-14,DELETE,102
1470,1099,28,2026-05-27,DOWNLOAD,304
1471,1036,35,2026-05-17,LOGIN,289
1472,1088,30,2026-05-12,EXPORT,286
1473,1037,27,2026-05-27,DELETE,471
1474,1051,8,2026-05-24,DOWNLOAD,473
1475,1037,19,2026-05-02,DOWNLOAD,215
1476,1086,1,2026-05-04,EXPORT,131
1477,1005,20,2026-05-11,LOGIN,321
1478,1136,30,2026-05-12,DOWNLOAD,300
1479,1053,29,2026-05-19,UPLOAD,106
1480,1105,8,2026-05-02,DELETE,23
1481,1111,14,2026-05-10,LOGIN,214
1482,1027,38,2026-05-10,DELETE,146
1483,1061,3,2026-05-02,DELETE,295
1484,1065,3,2026-05-26,EXPORT,342
1485,1084,14,2026-05-22,UPLOAD,352
1486,1045,21,2026-05-19,UPLOAD,151
1487,1131,35,2026-05-26,EXPORT,93
1488,1050,27,2026-05-20,DELETE,339
1489,1048,28,2026-05-04,UPLOAD,244
1490,1142,28,2026-05-18,DELETE,373
1491,1019,5,2026-05-20,LOGIN,391
1492,1134,39,2026-05-18,EXPORT,347
1493,1135,10,2026-05-14,EXPORT,438
1494,1101,9,2026-05-20,UPLOAD,241
1495,1090,20,2026-05-13,LOGIN,144
1496,1013,29,2026-05-24,DELETE,100
1497,1101,29,2026-05-15,UPLOAD,186
1498,1046,28,2026-05-15,DELETE,352
1499,1033,11,2026-05-25,LOGIN,230
1500,1116,21,2026-05-31,DOWNLOAD,197
1501,1097,35,2026-05-20,UPLOAD,142
1502,1041,23,2026-05-04,UPLOAD,374
1503,1073,29,2026-05-15,EXPORT,287
1504,1029,15,2026-05-14,DOWNLOAD,80
1505,1117,17,2026-05-07,UPLOAD,497
1506,1007,24,2026-05-17,DELETE,360
1507,1095,35,2026-05-23,LOGIN,249
1508,1011,20,2026-05-29,DOWNLOAD,357
1509,1042,36,2026-05-09,EXPORT,328
1510,1005,11,2026-05-04,EXPORT,409
1511,1002,30,2026-05-31,DELETE,152
1512,1043,39,2026-05-18,LOGIN,374
1513,1004,20,2026-05-13,EXPORT,149
1514,1081,22,2026-05-31,EXPORT,120
1515,1119,24,2026-05-15,LOGIN,306
1516,1095,14,2026-05-04,DOWNLOAD,422
1517,1059,36,2026-05-18,UPLOAD,338
1518,1030,13,2026-05-10,UPLOAD,14
1519,1130,1,2026-05-07,LOGIN,125
1520,1088,27,2026-05-06,LOGIN,152
1521,1074,13,2026-05-13,LOGIN,452
1522,1128,35,2026-05-28,DELETE,450
1523,1096,8,2026-05-27,DELETE,231
1524,1018,18,2026-05-18,LOGIN,467
1525,1059,34,2026-05-31,DELETE,427
1526,1030,6,2026-05-22,UPLOAD,223
1527,1051,27,2026-05-09,LOGIN,322
1528,1088,18,2026-05-11,UPLOAD,83
1529,1067,9,2026-05-16,UPLOAD,471
1530,1143,15,2026-05-30,DELETE,350
1531,1109,23,2026-05-08,EXPORT,144
1532,1076,3,2026-05-25,EXPORT,28
1533,1065,9,2026-05-05,DOWNLOAD,313
1534,1002,22,2026-05-30,DOWNLOAD,232
1535,1011,23,2026-05-15,EXPORT,293
1536,1076,20,2026-05-26,LOGIN,329
1537,1092,7,2026-05-02,EXPORT,333
1538,1097,17,2026-05-05,DELETE,364
1539,1003,3,2026-05-10,EXPORT,466
1540,1041,7,2026-05-30,LOGIN,434
1541,1049,13,2026-05-19,LOGIN,104
1542,1083,23,2026-05-14,DOWNLOAD,93
1543,1082,37,2026-05-27,DOWNLOAD,11
1544,1037,4,2026-05-30,LOGIN,358
1545,1092,9,2026-05-13,UPLOAD,175
1546,1007,6,2026-05-14,DOWNLOAD,267
1547,1111,18,2026-05-31,DELETE,355
1548,1038,35,2026-05-04,UPLOAD,376
1549,1133,23,2026-05-07,DELETE,321
1550,1061,31,2026-05-18,DELETE,36
1551,1083,20,2026-05-30,LOGIN,217
1552,1028,7,2026-05-06,UPLOAD,63
1553,1130,12,2026-05-15,DOWNLOAD,339
1554,1070,37,2026-05-11,LOGIN,34
1555,1037,4,2026-05-17,EXPORT,264
1556,1120,12,2026-05-10,DOWNLOAD,38
1557,1096,15,2026-05-16,EXPORT,141
1558,1101,2,2026-05-19,LOGIN,320
1559,1082,11,2026-05-11,DELETE,464
1560,1129,33,2026-05-07,DELETE,226
1561,1003,14,2026-05-27,UPLOAD,412
1562,1071,27,2026-05-28,DOWNLOAD,119
1563,1097,4,2026-05-21,EXPORT,187
1564,1085,38,2026-05-28,EXPORT,251
1565,1142,40,2026-05-24,UPLOAD,33
1566,1037,20,2026-05-23,DOWNLOAD,314
1567,1131,2,2026-05-23,DELETE,183
1568,1101,4,2026-05-14,LOGIN,381
1569,1097,24,2026-05-01,UPLOAD,282
1570,1013,9,2026-05-17,LOGIN,487
1571,1127,19,2026-05-29,LOGIN,280
1572,1050,8,2026-05-22,UPLOAD,297
1573,1147,28,2026-05-13,EXPORT,132
1574,1057,13,2026-05-08,DOWNLOAD,237
1575,1137,8,2026-05-19,EXPORT,311
1576,1046,14,2026-05-24,DELETE,77
1577,1094,10,2026-05-08,DOWNLOAD,377
1578,1086,20,2026-05-17,UPLOAD,218
1579,1132,1,2026-05-27,UPLOAD,438
1580,1125,12,2026-05-05,UPLOAD,212
1581,1082,35,2026-05-25,LOGIN,326
1582,1070,20,2026-05-11,UPLOAD,66
1583,1093,12,2026-05-26,DELETE,256
1584,1133,12,2026-05-14,DELETE,48
1585,1146,39,2026-05-10,UPLOAD,374
1586,1027,29,2026-05-27,DOWNLOAD,283
1587,1010,3,2026-05-12,DELETE,353
1588,1130,7,2026-05-03,DOWNLOAD,15
1589,1118,23,2026-05-09,DOWNLOAD,186
1590,1150,13,2026-05-29,DOWNLOAD,187
1591,1138,11,2026-05-11,UPLOAD,65
1592,1059,25,2026-05-09,LOGIN,487
1593,1121,20,2026-05-01,UPLOAD,184
1594,1091,27,2026-05-18,DELETE,127
1595,1140,6,2026-05-03,DELETE,26
1596,1063,6,2026-05-14,DELETE,7
1597,1015,39,2026-05-04,DELETE,243
1598,1105,9,2026-05-28,LOGIN,208
1599,1006,21,2026-05-05,DOWNLOAD,325
1600,1134,18,2026-05-21,UPLOAD,250
1601,1038,1,2026-05-10,DELETE,190
1602,1048,12,2026-05-27,DOWNLOAD,175
1603,1015,1,2026-05-05,UPLOAD,350
1604,1072,28,2026-05-03,LOGIN,486
1605,1029,24,2026-05-22,EXPORT,65
1606,1002,19,2026-05-20,LOGIN,353
1607,1075,14,2026-05-09,EXPORT,57
1608,1144,14,2026-05-12,DELETE,498
1609,1088,26,2026-05-02,DOWNLOAD,165
1610,1024,16,2026-05-11,DOWNLOAD,228
1611,1102,24,2026-05-01,UPLOAD,29
1612,1025,32,2026-05-23,EXPORT,310
1613,1117,6,2026-05-31,EXPORT,307
1614,1033,30,2026-05-16,UPLOAD,126
1615,1108,23,2026-05-25,DOWNLOAD,190
1616,1043,19,2026-05-26,DOWNLOAD,360
1617,1017,25,2026-05-25,UPLOAD,70
1618,1007,25,2026-05-03,EXPORT,211
1619,1027,2,2026-05-28,DELETE,273
1620,1036,10,2026-05-31,UPLOAD,430
1621,1147,27,2026-05-27,DOWNLOAD,19
1622,1015,8,2026-05-13,DELETE,10
1623,1070,33,2026-05-15,DELETE,257
1624,1069,19,2026-05-01,EXPORT,89
1625,1053,30,2026-05-25,UPLOAD,46
1626,1002,34,2026-05-23,DELETE,222
1627,1107,14,2026-05-24,LOGIN,167
1628,1146,36,2026-05-27,DELETE,241
1629,1113,20,2026-05-16,DELETE,86
1630,1126,23,2026-05-15,DELETE,266
1631,1049,15,2026-05-06,UPLOAD,82
1632,1116,2,2026-05-26,EXPORT,406
1633,1060,24,2026-05-22,EXPORT,303
1634,1127,24,2026-05-27,LOGIN,152
1635,1028,31,2026-05-15,LOGIN,467
1636,1086,16,2026-05-20,DELETE,441
1637,1136,4,2026-05-18,DELETE,113
1638,1032,34,2026-05-17,DELETE,52
1639,1015,15,2026-05-14,LOGIN,159
1640,1091,19,2026-05-22,EXPORT,476
1641,1128,19,2026-05-25,LOGIN,80
1642,1123,35,2026-05-26,EXPORT,133
1643,1096,20,2026-05-26,LOGIN,123
1644,1057,39,2026-05-18,EXPORT,274
1645,1047,29,2026-05-17,LOGIN,420
1646,1101,15,2026-05-01,EXPORT,327
1647,1118,20,2026-05-14,UPLOAD,14
1648,1010,32,2026-05-07,UPLOAD,414
1649,1117,13,2026-05-30,DOWNLOAD,227
1650,1092,7,2026-05-01,EXPORT,334
1651,1063,16,2026-05-25,EXPORT,69
1652,1070,10,2026-05-25,EXPORT,182
1653,1137,2,2026-05-27,DOWNLOAD,181
1654,1094,38,2026-05-03,LOGIN,36
1655,1041,18,2026-05-11,UPLOAD,343
1656,1040,34,2026-05-18,DOWNLOAD,69
1657,1016,21,2026-05-25,UPLOAD,30
1658,1025,21,2026-05-30,DELETE,201
1659,1138,1,2026-05-14,DOWNLOAD,414
1660,1009,15,2026-05-03,DOWNLOAD,234
1661,1040,10,2026-05-02,UPLOAD,69
1662,1057,35,2026-05-20,EXPORT,482
1663,1046,25,2026-05-15,DELETE,245
1664,1119,32,2026-05-07,UPLOAD,400
1665,1007,31,2026-05-13,DOWNLOAD,488
1666,1116,10,2026-05-04,EXPORT,296
1667,1128,3,2026-05-08,DELETE,156
1668,1113,22,2026-05-28,EXPORT,430
1669,1119,38,2026-05-21,UPLOAD,315
1670,1104,2,2026-05-30,EXPORT,187
1671,1057,23,2026-05-02,DOWNLOAD,93
1672,1145,40,2026-05-13,DOWNLOAD,268
1673,1025,24,2026-05-26,LOGIN,464
1674,1111,32,2026-05-04,DELETE,193
1675,1135,33,2026-05-13,UPLOAD,31
1676,1055,27,2026-05-16,EXPORT,255
1677,1147,13,2026-05-12,DOWNLOAD,464
1678,1032,37,2026-05-13,LOGIN,195
1679,1087,39,2026-05-23,UPLOAD,132
1680,1072,29,2026-05-29,DOWNLOAD,420
1681,1022,25,2026-05-01,UPLOAD,320
1682,1136,19,2026-05-23,DOWNLOAD,423
1683,1046,1,2026-05-03,UPLOAD,148
1684,1005,35,2026-05-23,DOWNLOAD,424
1685,1012,16,2026-05-03,EXPORT,316
1686,1027,8,2026-05-12,DELETE,162
1687,1084,7,2026-05-28,DOWNLOAD,233
1688,1139,21,2026-05-24,UPLOAD,385
1689,1036,11,2026-05-04,DOWNLOAD,36
1690,1052,26,2026-05-01,LOGIN,83
1691,1130,15,2026-05-17,EXPORT,281
1692,1074,6,2026-05-20,LOGIN,60
1693,1012,37,2026-05-09,UPLOAD,428
1694,1055,4,2026-05-05,DOWNLOAD,353
1695,1080,19,2026-05-29,DOWNLOAD,58
1696,1091,21,2026-05-21,LOGIN,418
1697,1064,37,2026-05-03,DELETE,477
1698,1104,18,2026-05-21,EXPORT,24
1699,1091,36,2026-05-07,DOWNLOAD,206
1700,1059,37,2026-05-03,DOWNLOAD,227
1701,1025,15,2026-05-05,UPLOAD,133
1702,1104,38,2026-05-12,LOGIN,334
1703,1068,2,2026-05-03,UPLOAD,150
1704,1143,31,2026-05-01,EXPORT,373
1705,1141,6,2026-05-22,DOWNLOAD,232
1706,1010,19,2026-05-03,LOGIN,445
1707,1012,38,2026-05-16,LOGIN,319
1708,1029,15,2026-05-18,LOGIN,388
1709,1043,33,2026-05-03,EXPORT,132
1710,1088,40,2026-05-29,DELETE,145
1711,1088,26,2026-05-05,DELETE,292
1712,1111,30,2026-05-05,DELETE,474
1713,1113,11,2026-05-09,UPLOAD,74
1714,1069,1,2026-05-12,UPLOAD,165
1715,1119,14,2026-05-16,EXPORT,453
1716,1011,10,2026-05-27,LOGIN,7
1717,1107,17,2026-05-09,DELETE,393
1718,1063,11,2026-05-18,DOWNLOAD,374
1719,1022,15,2026-05-27,DELETE,479
1720,1143,12,2026-05-22,EXPORT,16
1721,1137,3,2026-05-29,DELETE,293
1722,1070,22,2026-05-25,DOWNLOAD,493
1723,1090,26,2026-05-25,DOWNLOAD,31
1724,1134,39,2026-05-11,DOWNLOAD,373
1725,1096,23,2026-05-22,EXPORT,385
1726,1043,16,2026-05-17,DELETE,17
1727,1148,3,2026-05-01,EXPORT,370
1728,1125,30,2026-05-25,DOWNLOAD,127
1729,1099,13,2026-05-31,DELETE,207
1730,1067,8,2026-05-03,UPLOAD,258
1731,1082,24,2026-05-05,EXPORT,207
1732,1100,5,2026-05-22,UPLOAD,168
1733,1068,7,2026-05-01,UPLOAD,365
1734,1057,27,2026-05-15,LOGIN,190
1735,1049,12,2026-05-17,DOWNLOAD,324
1736,1038,25,2026-05-04,UPLOAD,438
1737,1036,33,2026-05-22,EXPORT,126
1738,1122,15,2026-05-24,DOWNLOAD,183
1739,1137,31,2026-05-23,DOWNLOAD,136
1740,1096,11,2026-05-14,EXPORT,304
1741,1104,36,2026-05-02,DELETE,22
1742,1082,6,2026-05-04,EXPORT,22
1743,1024,26,2026-05-05,DELETE,480
1744,1082,8,2026-05-24,DOWNLOAD,10
1745,1103,39,2026-05-07,EXPORT,191
1746,1008,37,2026-05-04,UPLOAD,195
1747,1115,37,2026-05-08,EXPORT,47
1748,1011,30,2026-05-11,UPLOAD,254
1749,1107,38,2026-05-08,UPLOAD,201
1750,1095,16,2026-05-04,DOWNLOAD,207
1751,1122,15,2026-05-11,DELETE,457
1752,1042,38,2026-05-12,DELETE,269
1753,1006,8,2026-05-28,UPLOAD,411
1754,1003,35,2026-05-02,DELETE,271
1755,1074,9,2026-05-15,EXPORT,193
1756,1098,21,2026-05-14,UPLOAD,339
1757,1065,5,2026-05-19,UPLOAD,477
1758,1140,19,2026-05-21,LOGIN,277
1759,1036,16,2026-05-30,EXPORT,182
1760,1120,18,2026-05-17,DELETE,441
1761,1125,12,2026-05-16,DELETE,94
1762,1139,16,2026-05-05,LOGIN,274
1763,1129,5,2026-05-20,EXPORT,43
1764,1112,3,2026-05-21,DOWNLOAD,124
1765,1134,7,2026-05-28,DOWNLOAD,59
1766,1079,32,2026-05-28,EXPORT,244
1767,1072,31,2026-05-01,DELETE,269
1768,1081,14,2026-05-10,DOWNLOAD,195
1769,1077,24,2026-05-07,DOWNLOAD,287
1770,1009,33,2026-05-10,DELETE,167
1771,1070,5,2026-05-25,EXPORT,351
1772,1023,8,2026-05-16,LOGIN,249
1773,1086,2,2026-05-05,EXPORT,468
1774,1017,39,2026-05-19,LOGIN,320
1775,1098,38,2026-05-25,EXPORT,218
1776,1123,35,2026-05-06,DOWNLOAD,290
1777,1025,38,2026-05-12,UPLOAD,94
1778,1112,34,2026-05-06,UPLOAD,363
1779,1038,30,2026-05-10,DELETE,384
1780,1003,23,2026-05-10,EXPORT,171
1781,1014,4,2026-05-13,EXPORT,184
1782,1010,35,2026-05-19,DELETE,485
1783,1066,14,2026-05-30,DELETE,108
1784,1142,22,2026-05-17,LOGIN,62
1785,1126,30,2026-05-16,LOGIN,325
1786,1010,3,2026-05-04,UPLOAD,208
1787,1099,11,2026-05-30,DOWNLOAD,130
1788,1049,10,2026-05-20,EXPORT,469
1789,1131,3,2026-05-03,UPLOAD,349
1790,1047,5,2026-05-29,UPLOAD,161
1791,1060,15,2026-05-30,DOWNLOAD,446
1792,1025,6,2026-05-27,UPLOAD,259
1793,1135,4,2026-05-05,UPLOAD,430
1794,1077,23,2026-05-13,DOWNLOAD,32
1795,1121,1,2026-05-14,UPLOAD,215
1796,1043,34,2026-05-09,EXPORT,493
1797,1046,15,2026-05-09,DELETE,270
1798,1043,4,2026-05-08,DOWNLOAD,271
1799,1029,27,2026-05-28,DELETE,462
1800,1083,13,2026-05-10,EXPORT,258
1801,1103,40,2026-05-22,UPLOAD,192
1802,1086,32,2026-05-29,UPLOAD,34
1803,1099,9,2026-05-20,UPLOAD,309
1804,1082,37,2026-05-30,DELETE,459
1805,1112,25,2026-05-18,LOGIN,457
1806,1003,3,2026-05-12,DELETE,192
1807,1056,39,2026-05-13,LOGIN,288
1808,1111,40,2026-05-16,DELETE,280
1809,1064,16,2026-05-26,EXPORT,484
1810,1021,17,2026-05-03,DELETE,191
1811,1024,27,2026-05-09,DELETE,400
1812,1148,10,2026-05-16,DOWNLOAD,137
1813,1052,1,2026-05-17,UPLOAD,34
1814,1013,29,2026-05-16,UPLOAD,165
1815,1094,18,2026-05-23,UPLOAD,142
1816,1078,32,2026-05-10,LOGIN,427
1817,1102,37,2026-05-22,EXPORT,351
1818,1030,33,2026-05-18,LOGIN,336
1819,1015,22,2026-05-21,DOWNLOAD,70
1820,1043,11,2026-05-02,DOWNLOAD,226
1821,1040,37,2026-05-14,DELETE,192
1822,1044,29,2026-05-25,DOWNLOAD,429
1823,1081,20,2026-05-05,DOWNLOAD,457
1824,1151,22,2026-05-06,EXPORT,41
1825,1103,32,2026-05-20,DOWNLOAD,210
1826,1125,8,2026-05-31,DELETE,375
1827,1082,22,2026-05-01,UPLOAD,478
1828,1041,15,2026-05-15,LOGIN,374
1829,1062,35,2026-05-03,LOGIN,396
1830,1138,16,2026-05-21,LOGIN,483
1831,1108,29,2026-05-19,DELETE,61
1832,1073,34,2026-05-24,EXPORT,71
1833,1078,20,2026-05-18,DELETE,32
1834,1057,13,2026-05-28,LOGIN,146
1835,1121,13,2026-05-15,DELETE,143
1836,1042,31,2026-05-18,DELETE,417
1837,1085,21,2026-05-01,DELETE,236
1838,1066,30,2026-05-28,UPLOAD,442
1839,1070,25,2026-05-14,DELETE,464
1840,1139,30,2026-05-17,EXPORT,111
1841,1011,10,2026-05-20,UPLOAD,141
1842,1004,7,2026-05-08,DELETE,382
1843,1079,34,2026-05-24,DOWNLOAD,168
1844,1123,4,2026-05-08,LOGIN,151
1845,1079,22,2026-05-27,UPLOAD,395
1846,1150,29,2026-05-17,DOWNLOAD,277
1847,1138,4,2026-05-30,LOGIN,387
1848,1020,1,2026-05-01,EXPORT,308
1849,1096,23,2026-05-07,DOWNLOAD,183
1850,1073,23,2026-05-23,EXPORT,91
1851,1044,6,2026-05-26,EXPORT,80
1852,1031,5,2026-05-14,DOWNLOAD,459
1853,1075,23,2026-05-21,DOWNLOAD,349
1854,1041,38,2026-05-24,UPLOAD,82
1855,1004,7,2026-05-06,EXPORT,62
1856,1114,5,2026-05-17,DOWNLOAD,227
1857,1014,33,2026-05-14,EXPORT,477
1858,1054,26,2026-05-07,DELETE,207
1859,1092,21,2026-05-15,DELETE,463
1860,1128,34,2026-05-08,DELETE,395
1861,1089,26,2026-05-28,EXPORT,367
1862,1087,10,2026-05-24,EXPORT,66
1863,1033,2,2026-05-16,DOWNLOAD,455
1864,1137,20,2026-05-10,DOWNLOAD,147
1865,1089,14,2026-05-29,UPLOAD,71
1866,1082,7,2026-05-31,UPLOAD,130
1867,1043,10,2026-05-09,UPLOAD,313
1868,1135,31,2026-05-19,LOGIN,429
1869,1088,8,2026-05-30,DELETE,149
1870,1040,1,2026-05-02,EXPORT,373
1871,1085,29,2026-05-08,DELETE,445
1872,1119,31,2026-05-30,EXPORT,432
1873,1062,8,2026-05-11,LOGIN,459
1874,1035,16,2026-05-04,EXPORT,207
1875,1011,19,2026-05-18,UPLOAD,257
1876,1130,26,2026-05-18,DELETE,452
1877,1079,10,2026-05-02,DELETE,114
1878,1079,18,2026-05-05,DELETE,152
1879,1133,2,2026-05-14,LOGIN,131
1880,1116,37,2026-05-13,DELETE,389
1881,1046,29,2026-05-08,DOWNLOAD,356
1882,1021,2,2026-05-25,UPLOAD,490
1883,1137,3,2026-05-11,UPLOAD,125
1884,1071,24,2026-05-22,EXPORT,378
1885,1017,9,2026-05-08,LOGIN,345
1886,1066,14,2026-05-15,EXPORT,35
1887,1026,11,2026-05-06,EXPORT,277
1888,1109,24,2026-05-17,UPLOAD,349
1889,1040,14,2026-05-11,DOWNLOAD,45
1890,1016,18,2026-05-25,LOGIN,485
1891,1035,36,2026-05-26,LOGIN,208
1892,1064,13,2026-05-07,LOGIN,376
1893,1143,34,2026-05-02,DOWNLOAD,416
1894,1121,19,2026-05-03,LOGIN,53
1895,1030,11,2026-05-18,DELETE,94
1896,1149,26,2026-05-25,DOWNLOAD,232
1897,1080,5,2026-05-24,EXPORT,315
1898,1100,21,2026-05-21,DELETE,396
1899,1002,9,2026-05-20,EXPORT,36
1900,1016,12,2026-05-23,LOGIN,183
1901,1007,1,2026-05-30,DOWNLOAD,350
1902,1143,14,2026-05-14,DELETE,201
1903,1023,26,2026-05-09,DOWNLOAD,239
1904,1151,7,2026-05-08,DOWNLOAD,298
1905,1116,16,2026-05-24,DOWNLOAD,81
1906,1069,15,2026-05-27,EXPORT,279
1907,1141,4,2026-05-18,DOWNLOAD,266
1908,1052,30,2026-05-12,LOGIN,126
1909,1141,23,2026-05-12,DELETE,128
1910,1096,22,2026-05-10,UPLOAD,379
1911,1055,15,2026-05-09,DOWNLOAD,49
1912,1029,17,2026-05-02,DELETE,458
1913,1146,2,2026-05-24,EXPORT,20
1914,1130,8,2026-05-21,EXPORT,442
1915,1027,6,2026-05-11,DOWNLOAD,353
1916,1050,39,2026-05-22,DOWNLOAD,214
1917,1042,28,2026-05-10,LOGIN,164
1918,1138,5,2026-05-25,UPLOAD,289
1919,1009,21,2026-05-08,DOWNLOAD,495
1920,1003,20,2026-05-05,DOWNLOAD,56
1921,1086,34,2026-05-22,LOGIN,85
1922,1038,7,2026-05-05,EXPORT,366
1923,1070,30,2026-05-09,UPLOAD,372
1924,1069,30,2026-05-11,EXPORT,385
1925,1014,15,2026-05-12,DOWNLOAD,329
1926,1002,27,2026-05-05,UPLOAD,356
1927,1097,9,2026-05-06,DOWNLOAD,289
1928,1101,27,2026-05-01,LOGIN,353
1929,1136,2,2026-05-16,LOGIN,494
1930,1074,36,2026-05-24,EXPORT,391
1931,1126,27,2026-05-14,DELETE,439
1932,1083,40,2026-05-24,EXPORT,72
1933,1099,25,2026-05-14,UPLOAD,48
1934,1018,36,2026-05-24,LOGIN,285
1935,1141,40,2026-05-13,EXPORT,154
1936,1046,7,2026-05-30,LOGIN,174
1937,1140,13,2026-05-12,DELETE,79
1938,1040,37,2026-05-23,EXPORT,12
1939,1088,20,2026-05-07,LOGIN,479
1940,1140,22,2026-05-06,DOWNLOAD,176
1941,1067,18,2026-05-23,DELETE,498
1942,1025,11,2026-05-09,DOWNLOAD,441
1943,1144,6,2026-05-21,UPLOAD,129
1944,1112,4,2026-05-16,DELETE,218
1945,1045,3,2026-05-09,LOGIN,455
1946,1141,6,2026-05-14,DOWNLOAD,287
1947,1002,15,2026-05-09,UPLOAD,143
1948,1110,3,2026-05-04,DOWNLOAD,159
1949,1138,17,2026-05-09,DELETE,139
1950,1019,30,2026-05-08,DOWNLOAD,384
1951,1024,22,2026-05-14,DOWNLOAD,351
1952,1133,2,2026-05-27,EXPORT,499
1953,1080,16,2026-05-05,LOGIN,463
1954,1101,22,2026-05-16,DOWNLOAD,189
1955,1102,11,2026-05-10,EXPORT,221
1956,1064,36,2026-05-31,LOGIN,171
1957,1012,12,2026-05-27,DELETE,311
1958,1123,40,2026-05-03,DELETE,468
1959,1109,35,2026-05-09,EXPORT,281
1960,1109,15,2026-05-03,EXPORT,94
1961,1149,21,2026-05-19,DELETE,223
1962,1096,4,2026-05-19,UPLOAD,445
1963,1115,7,2026-05-01,LOGIN,183
1964,1047,29,2026-05-22,LOGIN,113
1965,1053,6,2026-05-19,EXPORT,121
1966,1099,39,2026-05-26,LOGIN,277
1967,1073,17,2026-05-15,UPLOAD,419
1968,1078,36,2026-05-19,LOGIN,402
1969,1106,2,2026-05-25,EXPORT,475
1970,1113,17,2026-05-07,DOWNLOAD,390
1971,1146,29,2026-05-31,DOWNLOAD,478
1972,1132,27,2026-05-30,EXPORT,414
1973,1084,7,2026-05-24,DOWNLOAD,410
1974,1151,11,2026-05-01,LOGIN,110
1975,1024,26,2026-05-24,EXPORT,288
1976,1042,39,2026-05-16,EXPORT,394
1977,1111,32,2026-05-08,EXPORT,235
1978,1024,23,2026-05-12,DOWNLOAD,151
1979,1056,40,2026-05-28,DELETE,316
1980,1069,7,2026-05-30,DOWNLOAD,25
1981,1018,1,2026-05-24,EXPORT,430
1982,1138,25,2026-05-06,LOGIN,280
1983,1145,31,2026-05-10,DELETE,483
1984,1058,6,2026-05-14,EXPORT,351
1985,1132,28,2026-05-05,DOWNLOAD,467
1986,1124,31,2026-05-04,UPLOAD,387
1987,1075,36,2026-05-27,EXPORT,176
1988,1028,16,2026-05-25,LOGIN,381
1989,1139,15,2026-05-23,UPLOAD,35
1990,1003,22,2026-05-28,UPLOAD,13
1991,1100,18,2026-05-31,DOWNLOAD,310
1992,1003,8,2026-05-14,DOWNLOAD,341
1993,1025,10,2026-05-31,DELETE,471
1994,1076,37,2026-05-17,EXPORT,36
1995,1012,39,2026-05-27,DELETE,206
1996,1053,6,2026-05-01,DELETE,428
1997,1096,10,2026-05-17,UPLOAD,184
1998,1010,39,2026-05-20,DOWNLOAD,201
1999,1112,7,2026-05-09,UPLOAD,209
2000,1147,35,2026-05-16,EXPORT,377
2001,1047,28,2026-05-03,DELETE,31
2002,1007,25,2026-05-10,DELETE,6
2003,1088,28,2026-05-17,EXPORT,261
2004,1032,9,2026-05-16,DELETE,387
2005,1023,5,2026-05-30,DOWNLOAD,268
2006,1050,16,2026-05-01,DOWNLOAD,398
2007,1147,29,2026-05-19,DELETE,480
2008,1118,23,2026-05-29,EXPORT,73
2009,1025,18,2026-05-15,UPLOAD,374
2010,1006,26,2026-05-27,DELETE,198
2011,1097,5,2026-05-31,LOGIN,250
2012,1143,8,2026-05-07,DOWNLOAD,429
2013,1148,40,2026-05-08,LOGIN,308
2014,1096,19,2026-05-04,LOGIN,120
2015,1004,37,2026-05-12,LOGIN,121
2016,1006,28,2026-05-02,DELETE,341
2017,1059,4,2026-05-07,DELETE,436
2018,1052,20,2026-05-25,LOGIN,129
2019,1019,22,2026-05-26,DELETE,37
2020,1122,12,2026-05-06,LOGIN,477
2021,1026,1,2026-05-30,LOGIN,457
2022,1048,8,2026-05-02,UPLOAD,96
2023,1089,27,2026-05-25,UPLOAD,255
2024,1038,21,2026-05-07,UPLOAD,439
2025,1084,33,2026-05-25,EXPORT,196
2026,1133,38,2026-05-27,DOWNLOAD,342
2027,1108,33,2026-05-02,DELETE,382
2028,1003,37,2026-05-26,UPLOAD,27
2029,1041,5,2026-05-04,DOWNLOAD,440
2030,1036,15,2026-05-16,DOWNLOAD,487
2031,1030,30,2026-05-06,DELETE,86
2032,1116,3,2026-05-10,EXPORT,207
2033,1113,28,2026-05-23,LOGIN,47
2034,1093,30,2026-05-14,UPLOAD,111
2035,1109,36,2026-05-03,EXPORT,78
2036,1089,3,2026-05-14,DELETE,398
2037,1118,31,2026-05-29,EXPORT,360
2038,1026,14,2026-05-26,DOWNLOAD,205
2039,1133,6,2026-05-11,EXPORT,366
2040,1105,19,2026-05-11,UPLOAD,81
2041,1137,5,2026-05-21,EXPORT,475
2042,1032,26,2026-05-11,EXPORT,389
2043,1077,18,2026-05-04,DOWNLOAD,404
2044,1107,37,2026-05-05,EXPORT,23
2045,1088,36,2026-05-06,DOWNLOAD,336
2046,1125,31,2026-05-22,UPLOAD,137
2047,1110,18,2026-05-14,UPLOAD,187
2048,1062,9,2026-05-07,LOGIN,66
2049,1048,26,2026-05-06,LOGIN,137
2050,1066,2,2026-05-14,DOWNLOAD,125
2051,1111,32,2026-05-22,LOGIN,139
2052,1069,6,2026-05-16,LOGIN,259
2053,1074,20,2026-05-04,DELETE,368
2054,1116,8,2026-05-18,LOGIN,338
2055,1036,4,2026-05-26,EXPORT,37
2056,1007,25,2026-05-07,UPLOAD,10
2057,1129,31,2026-05-23,LOGIN,86
2058,1058,19,2026-05-27,DOWNLOAD,138
2059,1020,7,2026-05-19,DELETE,55
2060,1051,37,2026-05-14,DELETE,226
2061,1151,30,2026-05-15,UPLOAD,272
2062,1067,27,2026-05-21,UPLOAD,374
2063,1050,17,2026-05-06,DOWNLOAD,487
2064,1035,32,2026-05-10,DOWNLOAD,207
2065,1059,19,2026-05-25,DOWNLOAD,126
2066,1077,25,2026-05-03,DELETE,136
2067,1097,29,2026-05-13,DELETE,465
2068,1013,25,2026-05-19,DOWNLOAD,261
2069,1022,32,2026-05-21,LOGIN,56
2070,1056,37,2026-05-18,LOGIN,259
2071,1133,11,2026-05-03,DOWNLOAD,234
2072,1081,4,2026-05-31,DOWNLOAD,313
2073,1015,31,2026-05-31,DELETE,353
2074,1109,36,2026-05-22,LOGIN,274
2075,1042,4,2026-05-03,UPLOAD,409
2076,1137,2,2026-05-17,UPLOAD,109
2077,1124,39,2026-05-23,EXPORT,163
2078,1071,33,2026-05-07,UPLOAD,173
2079,1138,27,2026-05-02,LOGIN,445
2080,1141,26,2026-05-05,DELETE,139
2081,1144,19,2026-05-09,LOGIN,65
2082,1072,39,2026-05-29,LOGIN,275
2083,1060,33,2026-05-03,UPLOAD,110
2084,1031,38,2026-05-08,DOWNLOAD,269
2085,1055,10,2026-05-04,EXPORT,481
2086,1132,1,2026-05-03,UPLOAD,320
2087,1102,35,2026-05-18,UPLOAD,316
2088,1090,11,2026-05-30,UPLOAD,476
2089,1106,14,2026-05-15,EXPORT,403
2090,1059,6,2026-05-29,DELETE,345
2091,1041,39,2026-05-25,UPLOAD,109
2092,1027,40,2026-05-11,DELETE,92
2093,1079,25,2026-05-05,DELETE,11
2094,1149,23,2026-05-25,LOGIN,28
2095,1112,5,2026-05-16,DOWNLOAD,61
2096,1091,26,2026-05-24,EXPORT,219
2097,1113,18,2026-05-19,DOWNLOAD,324
2098,1139,32,2026-05-04,DELETE,29
2099,1087,21,2026-05-28,DELETE,460
2100,1114,26,2026-05-22,EXPORT,422
2101,1022,35,2026-05-11,DOWNLOAD,487
2102,1023,10,2026-05-26,LOGIN,58
2103,1065,28,2026-05-12,DOWNLOAD,90
2104,1059,31,2026-05-05,UPLOAD,294
2105,1089,15,2026-05-10,DOWNLOAD,416
2106,1114,40,2026-05-10,DELETE,261
2107,1113,8,2026-05-19,EXPORT,255
2108,1028,10,2026-05-05,UPLOAD,368
2109,1151,10,2026-05-05,DELETE,41
2110,1029,38,2026-05-25,DOWNLOAD,290
2111,1148,18,2026-05-04,EXPORT,118
2112,1046,28,2026-05-24,UPLOAD,413
2113,1077,28,2026-05-04,DOWNLOAD,247
2114,1140,20,2026-05-26,UPLOAD,192
2115,1136,24,2026-05-02,LOGIN,134
2116,1143,6,2026-05-03,LOGIN,416
2117,1039,32,2026-05-29,EXPORT,308
2118,1102,6,2026-05-04,LOGIN,416
2119,1080,11,2026-05-08,DELETE,219
2120,1149,30,2026-05-09,DOWNLOAD,362
2121,1110,3,2026-05-28,UPLOAD,28
2122,1008,8,2026-05-28,UPLOAD,253
2123,1042,33,2026-05-22,LOGIN,231
2124,1079,19,2026-05-30,UPLOAD,204
2125,1078,10,2026-05-08,UPLOAD,488
2126,1148,19,2026-05-12,DOWNLOAD,150
2127,1096,9,2026-05-10,EXPORT,280
2128,1061,7,2026-05-05,UPLOAD,328
2129,1139,14,2026-05-05,LOGIN,12
2130,1032,2,2026-05-24,LOGIN,350
2131,1132,22,2026-05-15,EXPORT,60
2132,1133,20,2026-05-31,UPLOAD,65
2133,1076,26,2026-05-20,UPLOAD,43
2134,1039,4,2026-05-29,UPLOAD,472
2135,1023,39,2026-05-03,EXPORT,278
2136,1144,40,2026-05-26,LOGIN,101
2137,1050,23,2026-05-31,UPLOAD,319
2138,1139,16,2026-05-02,UPLOAD,150
2139,1072,25,2026-05-15,DELETE,102
2140,1048,9,2026-05-13,DOWNLOAD,259
2141,1034,11,2026-05-28,EXPORT,215
2142,1149,25,2026-05-24,DOWNLOAD,46
2143,1063,31,2026-05-12,EXPORT,57
2144,1102,27,2026-05-14,DOWNLOAD,37
2145,1017,36,2026-05-12,DELETE,281
2146,1034,14,2026-05-15,DOWNLOAD,459
2147,1105,23,2026-05-21,UPLOAD,448
2148,1067,16,2026-05-28,DOWNLOAD,146
2149,1024,20,2026-05-22,DOWNLOAD,293
2150,1150,3,2026-05-30,LOGIN,392
2151,1010,6,2026-05-29,EXPORT,431
2152,1005,29,2026-05-25,DOWNLOAD,134
2153,1031,4,2026-05-30,UPLOAD,300
2154,1011,1,2026-05-13,UPLOAD,54
2155,1051,8,2026-05-03,EXPORT,483
2156,1048,20,2026-05-15,DELETE,67
2157,1078,16,2026-05-20,EXPORT,437
2158,1132,31,2026-05-28,UPLOAD,114
2159,1136,32,2026-05-18,DELETE,354
2160,1007,34,2026-05-06,DELETE,324
2161,1119,29,2026-05-15,LOGIN,182
2162,1032,12,2026-05-29,DOWNLOAD,398
2163,1086,4,2026-05-25,LOGIN,248
2164,1022,34,2026-05-12,DOWNLOAD,89
2165,1115,6,2026-05-02,LOGIN,118
2166,1029,9,2026-05-05,DELETE,120
2167,1086,5,2026-05-26,DOWNLOAD,155
2168,1121,16,2026-05-17,UPLOAD,41
2169,1053,1,2026-05-13,DELETE,76
2170,1072,20,2026-05-28,EXPORT,142
2171,1085,35,2026-05-13,DELETE,413
2172,1015,10,2026-05-04,UPLOAD,293
2173,1127,25,2026-05-16,LOGIN,21
2174,1118,28,2026-05-08,DOWNLOAD,375
2175,1068,35,2026-05-03,LOGIN,284
2176,1069,33,2026-05-20,LOGIN,181
2177,1100,15,2026-05-02,DOWNLOAD,238
2178,1047,21,2026-05-25,LOGIN,246
2179,1141,35,2026-05-21,UPLOAD,34
2180,1142,37,2026-05-03,EXPORT,69
2181,1009,10,2026-05-11,DOWNLOAD,386
2182,1012,16,2026-05-11,LOGIN,85
2183,1092,20,2026-05-10,DOWNLOAD,288
2184,1013,8,2026-05-28,LOGIN,17
2185,1021,31,2026-05-23,UPLOAD,189
2186,1038,8,2026-05-11,DELETE,448
2187,1052,13,2026-05-17,EXPORT,142
2188,1026,24,2026-05-25,EXPORT,197
2189,1022,12,2026-05-07,DOWNLOAD,344
2190,1072,17,2026-05-29,EXPORT,395
2191,1037,36,2026-05-01,LOGIN,448
2192,1120,12,2026-05-20,UPLOAD,323
2193,1086,36,2026-05-15,UPLOAD,484
2194,1077,13,2026-05-07,DOWNLOAD,473
2195,1014,35,2026-05-04,LOGIN,30
2196,1018,5,2026-05-23,EXPORT,241
2197,1097,13,2026-05-03,LOGIN,121
2198,1135,8,2026-05-20,EXPORT,459
2199,1123,11,2026-05-28,LOGIN,42
2200,1055,8,2026-05-03,EXPORT,314
2201,1034,31,2026-05-29,EXPORT,49
2202,1127,12,2026-05-20,UPLOAD,492
2203,1045,11,2026-05-28,DELETE,372
2204,1003,17,2026-05-10,DELETE,190
2205,1076,27,2026-05-29,DOWNLOAD,173
2206,1100,13,2026-05-03,DELETE,177
2207,1053,36,2026-05-26,DOWNLOAD,223
2208,1023,13,2026-05-30,UPLOAD,422
2209,1065,22,2026-05-26,DOWNLOAD,80
2210,1111,24,2026-05-05,DELETE,208
2211,1079,30,2026-05-20,EXPORT,318
2212,1092,13,2026-05-19,DOWNLOAD,83
2213,1140,8,2026-05-21,DELETE,216
2214,1151,5,2026-05-10,DELETE,142
2215,1011,6,2026-05-09,EXPORT,253
2216,1051,7,2026-05-11,LOGIN,242
2217,1113,22,2026-05-01,DELETE,386
2218,1045,30,2026-05-30,UPLOAD,94
2219,1099,15,2026-05-30,EXPORT,405
2220,1072,37,2026-05-20,LOGIN,206
2221,1031,20,2026-05-13,EXPORT,321
2222,1085,31,2026-05-23,DOWNLOAD,124
2223,1067,5,2026-05-04,DELETE,15
2224,1041,12,2026-05-24,DELETE,405
2225,1092,37,2026-05-31,EXPORT,207
2226,1130,30,2026-05-23,DOWNLOAD,19
2227,1072,39,2026-05-21,EXPORT,8
2228,1065,3,2026-05-10,UPLOAD,349
2229,1149,13,2026-05-04,DELETE,232
2230,1143,11,2026-05-08,DELETE,185
2231,1136,10,2026-05-17,UPLOAD,435
2232,1104,30,2026-05-02,LOGIN,227
2233,1086,9,2026-05-21,DELETE,50
2234,1020,30,2026-05-26,EXPORT,417
2235,1077,29,2026-05-07,LOGIN,35
2236,1090,38,2026-05-25,LOGIN,333
2237,1039,34,2026-05-03,EXPORT,52
2238,1135,26,2026-05-21,UPLOAD,188
2239,1088,2,2026-05-11,LOGIN,453
2240,1089,36,2026-05-18,DELETE,135
2241,1051,7,2026-05-06,DOWNLOAD,264
2242,1097,36,2026-05-22,LOGIN,279
2243,1029,40,2026-05-20,UPLOAD,429
2244,1063,14,2026-05-14,EXPORT,154
2245,1033,27,2026-05-13,DELETE,375
2246,1045,26,2026-05-02,DOWNLOAD,460
2247,1006,20,2026-05-16,LOGIN,29
2248,1037,35,2026-05-31,UPLOAD,392
2249,1002,11,2026-05-24,DOWNLOAD,497
2250,1106,26,2026-05-08,DOWNLOAD,313
2251,1057,35,2026-05-15,DELETE,183
2252,1092,5,2026-05-13,DELETE,210
2253,1096,16,2026-05-01,LOGIN,9
2254,1117,11,2026-05-02,LOGIN,310
2255,1091,33,2026-05-04,DOWNLOAD,182
2256,1150,9,2026-05-13,UPLOAD,319
2257,1079,22,2026-05-30,DOWNLOAD,353
2258,1038,5,2026-05-12,UPLOAD,409
2259,1037,20,2026-05-12,DELETE,339
2260,1100,34,2026-05-01,UPLOAD,155
2261,1038,30,2026-05-06,UPLOAD,85
2262,1071,10,2026-05-11,DELETE,135
2263,1031,37,2026-05-16,EXPORT,229
2264,1044,32,2026-05-02,DOWNLOAD,310
2265,1094,24,2026-05-03,LOGIN,314
2266,1014,17,2026-05-11,UPLOAD,95
2267,1098,3,2026-05-09,LOGIN,404
2268,1052,39,2026-05-07,LOGIN,266
2269,1087,26,2026-05-04,DOWNLOAD,301
2270,1133,12,2026-05-28,EXPORT,442
2271,1042,37,2026-05-10,EXPORT,14
2272,1094,12,2026-05-01,EXPORT,122
2273,1007,33,2026-05-13,EXPORT,161
2274,1018,27,2026-05-04,DELETE,447
2275,1044,14,2026-05-26,LOGIN,85
2276,1098,7,2026-05-13,LOGIN,363
2277,1063,38,2026-05-22,DELETE,178
2278,1095,27,2026-05-24,DOWNLOAD,466
2279,1132,10,2026-05-11,UPLOAD,400
2280,1143,9,2026-05-25,EXPORT,234
2281,1002,34,2026-05-15,EXPORT,161
2282,1124,29,2026-05-13,DELETE,338
2283,1023,18,2026-05-04,EXPORT,204
2284,1091,29,2026-05-06,DELETE,309
2285,1026,30,2026-05-02,UPLOAD,236
2286,1141,13,2026-05-02,LOGIN,172
2287,1116,22,2026-05-06,EXPORT,469
2288,1010,16,2026-05-25,DOWNLOAD,303
2289,1090,32,2026-05-03,DELETE,107
2290,1132,40,2026-05-20,UPLOAD,347
2291,1082,26,2026-05-27,DOWNLOAD,11
2292,1099,31,2026-05-25,LOGIN,144
2293,1111,19,2026-05-25,DOWNLOAD,212
2294,1008,34,2026-05-11,DELETE,17
2295,1111,6,2026-05-15,EXPORT,193
2296,1013,35,2026-05-29,LOGIN,387
2297,1086,11,2026-05-21,DELETE,179
2298,1036,37,2026-05-09,UPLOAD,407
2299,1094,22,2026-05-21,DOWNLOAD,135
2300,1063,13,2026-05-21,DOWNLOAD,367
2301,1109,16,2026-05-07,LOGIN,124
2302,1068,26,2026-05-15,LOGIN,460
2303,1141,22,2026-05-22,UPLOAD,172
2304,1134,13,2026-05-10,UPLOAD,272
2305,1146,23,2026-05-11,LOGIN,163
2306,1118,32,2026-05-23,DELETE,388
2307,1008,23,2026-05-26,DELETE,167
2308,1061,32,2026-05-02,LOGIN,344
2309,1148,38,2026-05-14,DOWNLOAD,480
2310,1056,28,2026-05-16,EXPORT,326
2311,1122,33,2026-05-09,UPLOAD,31
2312,1096,40,2026-05-22,DELETE,263
2313,1130,26,2026-05-25,EXPORT,308
2314,1105,30,2026-05-16,DOWNLOAD,409
2315,1123,17,2026-05-01,UPLOAD,375
2316,1022,29,2026-05-02,DELETE,56
2317,1041,2,2026-05-07,DELETE,139
2318,1109,38,2026-05-12,DOWNLOAD,311
2319,1138,34,2026-05-18,DOWNLOAD,485
2320,1045,38,2026-05-06,DELETE,305
2321,1005,12,2026-05-02,DELETE,306
2322,1012,21,2026-05-14,EXPORT,293
2323,1032,27,2026-05-16,DOWNLOAD,296
2324,1120,40,2026-05-10,DOWNLOAD,21
2325,1018,3,2026-05-05,EXPORT,394
2326,1064,37,2026-05-22,DOWNLOAD,120
2327,1087,26,2026-05-16,LOGIN,409
2328,1129,5,2026-05-07,UPLOAD,298
2329,1117,20,2026-05-15,LOGIN,422
2330,1082,8,2026-05-13,DOWNLOAD,53
2331,1094,28,2026-05-17,EXPORT,65
2332,1145,29,2026-05-18,DELETE,318
2333,1028,2,2026-05-18,DOWNLOAD,80
2334,1022,2,2026-05-17,DELETE,272
2335,1046,38,2026-05-03,UPLOAD,150
2336,1038,38,2026-05-12,LOGIN,194
2337,1032,23,2026-05-06,UPLOAD,10
2338,1055,10,2026-05-12,DELETE,209
2339,1089,28,2026-05-11,UPLOAD,355
2340,1112,19,2026-05-09,DELETE,254
2341,1137,28,2026-05-19,LOGIN,349
2342,1037,31,2026-05-28,DELETE,436
2343,1065,2,2026-05-31,LOGIN,348
2344,1093,29,2026-05-19,DOWNLOAD,110
2345,1079,14,2026-05-02,DELETE,271
2346,1060,28,2026-05-13,UPLOAD,421
2347,1085,1,2026-05-18,EXPORT,25
2348,1063,16,2026-05-23,UPLOAD,491
2349,1076,37,2026-05-04,EXPORT,412
2350,1026,21,2026-05-22,UPLOAD,59
2351,1045,14,2026-05-24,DELETE,181
2352,1095,17,2026-05-14,DOWNLOAD,240
2353,1035,15,2026-05-14,DELETE,376
2354,1078,31,2026-05-05,LOGIN,472
2355,1119,36,2026-05-29,DOWNLOAD,499
2356,1007,14,2026-05-19,DELETE,13
2357,1053,36,2026-05-02,DOWNLOAD,355
2358,1041,27,2026-05-16,LOGIN,480
2359,1004,3,2026-05-31,EXPORT,122
2360,1002,36,2026-05-06,DOWNLOAD,298
2361,1035,6,2026-05-11,DOWNLOAD,393
2362,1105,27,2026-05-12,LOGIN,105
2363,1141,22,2026-05-24,DELETE,429
2364,1115,22,2026-05-13,EXPORT,422
2365,1115,36,2026-05-27,DOWNLOAD,206
2366,1007,32,2026-05-29,DOWNLOAD,356
2367,1124,27,2026-05-10,DOWNLOAD,361
2368,1039,7,2026-05-14,DOWNLOAD,451
2369,1111,39,2026-05-04,LOGIN,149
2370,1091,12,2026-05-02,DOWNLOAD,185
2371,1049,16,2026-05-19,EXPORT,40
2372,1131,38,2026-05-19,LOGIN,40
2373,1017,5,2026-05-15,DOWNLOAD,401
2374,1126,35,2026-05-09,EXPORT,24
2375,1142,9,2026-05-26,UPLOAD,311
2376,1005,29,2026-05-04,UPLOAD,234
2377,1083,27,2026-05-22,EXPORT,215
2378,1051,32,2026-05-13,DOWNLOAD,474
2379,1122,10,2026-05-09,DOWNLOAD,276
2380,1017,25,2026-05-12,LOGIN,10
2381,1126,38,2026-05-14,DOWNLOAD,463
2382,1061,25,2026-05-26,LOGIN,398
2383,1091,4,2026-05-24,DOWNLOAD,163
2384,1031,23,2026-05-29,DELETE,150
2385,1015,10,2026-05-12,DELETE,356
2386,1104,6,2026-05-25,EXPORT,173
2387,1040,13,2026-05-22,DELETE,366
2388,1065,31,2026-05-30,UPLOAD,51
2389,1020,5,2026-05-13,UPLOAD,28
2390,1065,4,2026-05-18,LOGIN,114
2391,1032,3,2026-05-05,UPLOAD,468
2392,1150,30,2026-05-26,DOWNLOAD,97
2393,1062,23,2026-05-19,LOGIN,491
2394,1011,37,2026-05-03,DELETE,221
2395,1038,18,2026-05-26,DELETE,108
2396,1065,35,2026-05-28,UPLOAD,221
2397,1038,5,2026-05-17,UPLOAD,172
2398,1013,28,2026-05-27,DOWNLOAD,49
2399,1024,38,2026-05-20,DELETE,343
2400,1036,18,2026-05-29,UPLOAD,206
2401,1148,8,2026-05-07,DELETE,261
2402,1043,12,2026-05-03,DELETE,287
2403,1109,30,2026-05-07,UPLOAD,26
2404,1099,22,2026-05-06,DELETE,32
2405,1043,6,2026-05-14,UPLOAD,258
2406,1084,30,2026-05-28,EXPORT,436
2407,1104,8,2026-05-01,UPLOAD,39
2408,1115,29,2026-05-14,DELETE,7
2409,1046,31,2026-05-21,EXPORT,426
2410,1062,5,2026-05-27,DELETE,222
2411,1114,11,2026-05-22,DELETE,304
2412,1105,17,2026-05-11,EXPORT,258
2413,1029,13,2026-05-09,DOWNLOAD,393
2414,1015,20,2026-05-10,EXPORT,244
2415,1122,31,2026-05-22,DELETE,245
2416,1101,26,2026-05-11,DELETE,206
2417,1019,28,2026-05-24,DOWNLOAD,139
2418,1120,25,2026-05-18,EXPORT,482
2419,1081,18,2026-05-17,UPLOAD,477
2420,1096,32,2026-05-14,DELETE,430
2421,1028,29,2026-05-31,EXPORT,358
2422,1143,3,2026-05-17,LOGIN,371
2423,1053,35,2026-05-30,DELETE,61
2424,1042,38,2026-05-07,UPLOAD,89
2425,1073,15,2026-05-31,DELETE,161
2426,1091,3,2026-05-31,EXPORT,341
2427,1019,21,2026-05-31,DOWNLOAD,195
2428,1077,3,2026-05-08,LOGIN,424
2429,1130,35,2026-05-08,UPLOAD,428
2430,1146,8,2026-05-28,DELETE,25
2431,1136,3,2026-05-19,UPLOAD,102
2432,1137,11,2026-05-05,DOWNLOAD,185
2433,1116,2,2026-05-31,LOGIN,148
2434,1149,33,2026-05-07,UPLOAD,178
2435,1092,8,2026-05-30,EXPORT,496
2436,1044,12,2026-05-13,EXPORT,141
2437,1060,19,2026-05-15,UPLOAD,240
2438,1071,18,2026-05-14,LOGIN,7
2439,1117,21,2026-05-25,DELETE,27
2440,1126,22,2026-05-21,EXPORT,145
2441,1141,30,2026-05-15,DELETE,42
2442,1045,18,2026-05-29,DELETE,166
2443,1002,6,2026-05-14,UPLOAD,226
2444,1062,1,2026-05-13,EXPORT,235
2445,1047,9,2026-05-31,UPLOAD,414
2446,1002,16,2026-05-20,DOWNLOAD,420
2447,1037,29,2026-05-31,DELETE,24
2448,1080,29,2026-05-04,LOGIN,50
2449,1119,5,2026-05-22,DELETE,106
2450,1086,19,2026-05-09,LOGIN,315
2451,1063,22,2026-05-14,UPLOAD,397
2452,1056,8,2026-05-29,EXPORT,491
2453,1063,18,2026-05-17,DELETE,311
2454,1008,14,2026-05-01,DOWNLOAD,61
2455,1117,4,2026-05-01,DELETE,340
2456,1090,40,2026-05-04,LOGIN,433
2457,1104,27,2026-05-31,LOGIN,170
2458,1023,24,2026-05-20,LOGIN,328
2459,1144,30,2026-05-27,EXPORT,144
2460,1085,12,2026-05-08,DOWNLOAD,478
2461,1128,13,2026-05-30,DOWNLOAD,121
2462,1104,40,2026-05-05,LOGIN,142
2463,1093,4,2026-05-14,DOWNLOAD,468
2464,1037,26,2026-05-26,DOWNLOAD,325
2465,1146,1,2026-05-20,UPLOAD,272
2466,1059,27,2026-05-24,DOWNLOAD,440
2467,1129,23,2026-05-23,LOGIN,258
2468,1147,38,2026-05-14,EXPORT,55
2469,1141,11,2026-05-22,UPLOAD,474
2470,1033,39,2026-05-02,DOWNLOAD,324
2471,1022,21,2026-05-21,UPLOAD,189
2472,1115,22,2026-05-29,DELETE,97
2473,1072,28,2026-05-12,UPLOAD,23
2474,1050,38,2026-05-18,UPLOAD,162
2475,1066,6,2026-05-06,UPLOAD,224
2476,1083,25,2026-05-09,DOWNLOAD,217
2477,1024,4,2026-05-09,UPLOAD,342
2478,1069,34,2026-05-22,EXPORT,237
2479,1008,26,2026-05-04,DOWNLOAD,28
2480,1148,39,2026-05-10,LOGIN,286
2481,1099,27,2026-05-12,DELETE,40
2482,1066,39,2026-05-25,LOGIN,367
2483,1059,21,2026-05-21,DOWNLOAD,316
2484,1047,21,2026-05-08,LOGIN,212
2485,1130,29,2026-05-28,DELETE,318
2486,1116,34,2026-05-25,UPLOAD,36
2487,1026,27,2026-05-21,LOGIN,262
2488,1148,26,2026-05-22,DOWNLOAD,461
2489,1093,5,2026-05-20,EXPORT,342
2490,1122,20,2026-05-16,DELETE,181
2491,1004,8,2026-05-12,LOGIN,434
2492,1065,18,2026-05-17,EXPORT,497
2493,1142,5,2026-05-17,DELETE,87
2494,1035,4,2026-05-21,LOGIN,382
2495,1117,5,2026-05-19,DOWNLOAD,315
2496,1085,16,2026-05-07,EXPORT,234
2497,1052,9,2026-05-29,EXPORT,272
2498,1023,25,2026-05-20,LOGIN,209
2499,1110,38,2026-05-04,LOGIN,451
2500,1051,7,2026-05-14,DOWNLOAD,212
2501,1051,7,2026-05-14,DOWNLOAD,289
2502,1051,7,2026-05-14,DOWNLOAD,166
2503,1051,7,2026-05-14,DOWNLOAD,123
2504,1051,7,2026-05-14,DOWNLOAD,199
2505,1051,7,2026-05-14,DOWNLOAD,59
2506,1051,7,2026-05-14,DOWNLOAD,99
2507,1051,7,2026-05-14,DOWNLOAD,212
2508,1051,7,2026-05-14,DOWNLOAD,286
2509,1051,7,2026-05-14,DOWNLOAD,193
2510,1051,7,2026-05-14,DOWNLOAD,85
2511,1051,7,2026-05-14,DOWNLOAD,297
2512,1051,7,2026-05-14,DOWNLOAD,110
2513,1051,7,2026-05-14,DOWNLOAD,124
2514,1051,7,2026-05-14,DOWNLOAD,66
2515,1051,7,2026-05-14,DOWNLOAD,138
2516,1051,7,2026-05-14,DOWNLOAD,178
2517,1051,7,2026-05-14,DOWNLOAD,61
2518,1051,7,2026-05-14,DOWNLOAD,52
2519,1051,7,2026-05-14,DOWNLOAD,164
2520,1051,7,2026-05-14,DOWNLOAD,122
2521,1051,7,2026-05-14,DOWNLOAD,132
2522,1051,7,2026-05-14,DOWNLOAD,196
2523,1051,7,2026-05-14,DOWNLOAD,176
2524,1051,7,2026-05-14,DOWNLOAD,163
2525,1051,7,2026-05-14,DOWNLOAD,133
2526,1051,7,2026-05-14,DOWNLOAD,124
2527,1051,7,2026-05-14,DOWNLOAD,265
2528,1051,7,2026-05-14,DOWNLOAD,71
2529,1051,7,2026-05-14,DOWNLOAD,50
2530,1051,7,2026-05-14,DELETE,102
2531,1051,7,2026-05-14,DELETE,221
2532,1051,7,2026-05-14,DELETE,284
2533,1051,7,2026-05-14,DELETE,59
2534,1051,7,2026-05-14,DELETE,252
2535,1051,7,2026-05-14,DELETE,57
2536,1051,7,2026-05-14,DELETE,194
2537,1051,7,2026-05-14,DELETE,247
2538,1051,7,2026-05-14,DELETE,184
2539,1051,7,2026-05-14,DELETE,174
2540,1051,7,2026-05-14,DELETE,112
2541,1051,7,2026-05-14,DELETE,144
2542,1051,7,2026-05-14,DELETE,214
2543,1051,7,2026-05-14,DELETE,117
2544,1051,7,2026-05-14,DELETE,113
2545,1051,7,2026-05-14,DELETE,56
2546,1051,7,2026-05-14,DELETE,193
2547,1051,7,2026-05-14,DELETE,266
2548,1051,7,2026-05-14,DELETE,149
2549,1051,7,2026-05-14,DELETE,276
2550,1051,7,2026-05-14,LOGIN,63
2551,1051,7,2026-05-14,LOGIN,299
2552,1051,7,2026-05-14,LOGIN,213
2553,1051,7,2026-05-14,LOGIN,166
2554,1051,7,2026-05-14,LOGIN,122
2555,1051,7,2026-05-14,LOGIN,60
2556,1051,7,2026-05-14,LOGIN,177
2557,1051,7,2026-05-14,LOGIN,178
2558,1051,7,2026-05-14,LOGIN,58
2559,1051,7,2026-05-14,LOGIN,74
