,employee_id,name,city,department,experience,salary
0,1151,James Miller,Berlin,Security,12,125000
1,1002,Benjamin Davis,Rome,Security,8,94392
2,1003,Henry Thomas,Madrid,IT,1,92966
3,1004,Emma White,Rome,Finance,13,99325
4,1005,Sophia Harris,Paris,IT,10,84230
5,1006,James Wilson,Amsterdam,IT,1,75629
6,1007,Ella Miller,Berlin,Security,7,106796
7,1008,Liam Miller,Amsterdam,HR,8,95543
8,1009,Grace Young,Paris,Operations,14,99936
9,1010,Henry Martin,Rome,HR,10,113423
10,1011,Grace King,Madrid,HR,12,114606
11,1012,Grace Davis,Rome,Finance,1,84398
12,1013,Ethan Brown,London,Security,9,60698
13,1014,Benjamin Martin,Rome,Finance,7,50725
14,1015,Sophia Miller,Rome,Operations,7,89917
15,1016,Emma Davis,Rome,Security,8,93383
16,1017,Grace Miller,Rome,HR,14,79565
17,1018,Mia Thomas,Madrid,IT,8,110272
18,1019,James Anderson,Berlin,HR,13,69867
19,1020,Oliver Thomas,Madrid,HR,1,81199
20,1021,Grace Wilson,Amsterdam,Security,4,52691
21,1022,Emma King,Paris,HR,13,106231
22,1023,Grace King,London,Operations,13,54152
23,1024,Sophia Clark,Berlin,HR,11,120062
24,1025,Charlotte Brown,Amsterdam,IT,9,101231
25,1026,Charlotte Thomas,Amsterdam,Security,3,92155
26,1027,Liam King,London,Operations,6,60336
27,1028,Henry Davis,London,Security,4,123866
28,1029,Benjamin Harris,Berlin,IT,1,69411
29,1030,Ethan Wilson,Amsterdam,Finance,3,109032
30,1031,Lucas Davis,Amsterdam,Operations,3,84212
31,1032,Liam Wilson,Berlin,IT,13,105427
32,1033,Emma Wilson,Amsterdam,Finance,3,60604
33,1034,Ethan Wilson,Paris,IT,11,120169
34,1035,Lucas Hall,Madrid,Finance,6,107646
35,1036,Henry Taylor,Berlin,Finance,9,123120
36,1037,Grace Anderson,Amsterdam,Security,7,90143
37,1038,Sophia Wilson,Paris,HR,7,94774
38,1039,Oliver Young,Rome,HR,1,97390
39,1040,Oliver King,Berlin,IT,13,95223
40,1041,Grace Clark,Madrid,Finance,9,87078
41,1042,Ethan White,Rome,HR,4,88003
42,1043,Charlotte King,Rome,IT,13,106631
43,1044,Mia Clark,Rome,IT,8,113817
44,1045,Amelia Harris,Rome,Operations,12,70003
45,1046,Grace White,London,Security,1,127022
46,1047,Oliver Thomas,Madrid,Security,8,105531
47,1048,Liam Young,Paris,Finance,9,51887
48,1049,Lucas Martin,Berlin,HR,5,62756
49,1050,Liam Anderson,Paris,Finance,7,105991
50,1051,James Walker,London,HR,11,101164
51,1052,Benjamin Walker,Rome,HR,10,116863
52,1053,Benjamin Davis,Amsterdam,HR,2,71996
53,1054,Ella Miller,Berlin,HR,1,76319
54,1055,Sophia Walker,Madrid,HR,12,81289
55,1056,James Hall,Berlin,Operations,13,108311
56,1057,Benjamin Harris,Berlin,Operations,11,88798
57,1058,Sophia Anderson,Paris,HR,6,105444
58,1059,Lucas Wilson,Amsterdam,IT,9,91094
59,1060,Emma Anderson,Rome,IT,12,54915
60,1061,Grace Harris,Madrid,Security,1,103266
61,1062,Henry Hall,Berlin,HR,14,81269
62,1063,Mia Walker,London,IT,10,54236
63,1064,Oliver Wilson,London,Security,1,97065
64,1065,Benjamin Brown,Amsterdam,IT,4,79995
65,1066,Henry Walker,Rome,Security,10,95461
66,1067,Sophia Hall,Amsterdam,Finance,6,61974
67,1068,Sophia Thomas,Berlin,IT,14,79171
68,1069,Sophia Harris,Rome,HR,9,115570
69,1070,Benjamin Anderson,Berlin,HR,2,96818
70,1071,Mia Hall,Madrid,Operations,14,73918
71,1072,Benjamin Harris,London,Finance,5,87519
72,1073,Oliver Martin,Amsterdam,Finance,7,71135
73,1074,Ella Young,Paris,IT,12,119313
74,1075,Ethan Young,Amsterdam,Security,4,81077
75,1076,Liam Harris,Rome,Operations,13,107168
76,1077,Ella King,Madrid,Finance,6,86517
77,1078,Lucas Harris,London,Finance,6,102181
78,1079,Mia Anderson,Madrid,HR,4,99976
79,1080,Lucas Hall,Amsterdam,HR,4,105531
80,1081,Ethan King,Amsterdam,Security,9,67530
81,1082,Amelia Taylor,Paris,IT,11,60704
82,1083,Oliver Brown,Berlin,Security,1,108700
83,1084,Emma Wilson,Berlin,IT,13,124999
84,1085,Benjamin Anderson,Madrid,Operations,5,53685
85,1086,Charlotte Hall,Madrid,Finance,11,73357
86,1087,Grace White,Rome,Security,9,128567
87,1088,Charlotte Harris,Madrid,IT,9,74077
88,1089,Noah Wilson,Berlin,Operations,9,99385
89,1090,Ella Harris,Amsterdam,Security,2,75787
90,1091,Grace Wilson,Madrid,Finance,7,116836
91,1092,Amelia Harris,London,Operations,14,58614
92,1093,Noah Davis,London,HR,10,80438
93,1094,Mia Martin,Berlin,Finance,8,114645
94,1095,Liam Harris,Madrid,HR,1,54003
95,1096,Sophia Brown,Amsterdam,Operations,2,109246
96,1097,Noah Thomas,Madrid,Operations,1,54736
97,1098,Noah Taylor,Madrid,HR,13,79248
98,1099,Amelia Harris,London,IT,9,62313
99,1100,Charlotte Clark,Berlin,Operations,10,50529
100,1101,Emma Davis,Rome,Security,11,116467
101,1102,James Anderson,Amsterdam,Security,5,76365
102,1103,Mia Brown,London,Operations,4,59767
103,1104,James Walker,Berlin,HR,8,129689
104,1105,Liam Walker,Berlin,HR,3,81480
105,1106,Benjamin Miller,Rome,Finance,8,75886
106,1107,Oliver White,Paris,HR,3,119046
107,1108,Ethan Martin,Rome,IT,6,121843
108,1109,Oliver Martin,Rome,IT,4,119966
109,1110,Noah White,Berlin,Security,13,93421
110,1111,Mia King,Paris,Operations,14,116125
111,1112,Amelia Young,Paris,Security,8,81342
112,1113,Liam Harris,Madrid,Operations,7,120998
113,1114,Amelia White,Rome,Security,12,107104
114,1115,Henry Young,Rome,Operations,5,68714
115,1116,Benjamin King,Paris,Operations,13,64699
116,1117,Benjamin Wilson,Paris,Security,14,64589
117,1118,Noah Young,Amsterdam,Finance,13,86237
118,1119,James Thomas,Paris,IT,3,108265
119,1120,Ella Anderson,Berlin,HR,5,50170
120,1121,Sophia Brown,Berlin,IT,14,113973
121,1122,Lucas Anderson,Berlin,HR,4,119911
122,1123,Benjamin Anderson,Amsterdam,Operations,8,115939
123,1124,Amelia Miller,Rome,Security,11,119063
124,1125,Liam King,Amsterdam,Security,5,108375
125,1126,Henry Thomas,Amsterdam,HR,10,75981
126,1127,Benjamin Davis,Paris,Security,10,52065
127,1128,Henry Young,Berlin,Security,5,74053
128,1129,Emma King,Madrid,Security,2,80540
129,1130,Amelia Martin,Paris,IT,9,68286
130,1131,Mia Martin,Amsterdam,Security,6,54584
131,1132,Charlotte King,Paris,Finance,11,50123
132,1133,James Wilson,Amsterdam,HR,1,64216
133,1134,Emma Hall,Paris,IT,3,82609
134,1135,Emma Young,Berlin,IT,4,73860
135,1136,Sophia Thomas,London,Operations,10,58798
136,1137,Noah Miller,Madrid,Operations,10,127945
137,1138,Charlotte Davis,Madrid,Security,14,102073
138,1139,Charlotte Harris,London,IT,2,112344
139,1140,Lucas Thomas,Madrid,IT,13,68535
140,1141,Oliver Walker,Berlin,Security,11,69097
141,1142,Oliver Taylor,Paris,HR,13,98498
142,1143,Noah Young,London,IT,10,95728
143,1144,Henry Thomas,Paris,Operations,4,63176
144,1145,Lucas King,Amsterdam,Security,2,84483
145,1146,James Young,Madrid,IT,6,76279
146,1147,Oliver Miller,Rome,Operations,13,86227
147,1148,Mia Walker,Madrid,Finance,10,128901
148,1149,Ethan Thomas,Madrid,IT,9,93459
149,1150,Emma Young,London,Security,1,89662
